"","hgnc_symbol","ensembl_gene_id","start_position","end_position","chromosome_name","sum","gene_type","STOMACH","URINARY","OVARY","KIDNEY","THYROID","HAEMATOPOIETIC","LUNG","BREAST","UPPER","CENTRAL","AUTONOMIC","LARGE","PANCREAS","LIVER","SKIN","ENDOMETRIUM","OESOPHAGUS","PLEURA","PROSTATE","SOFT","GLIOBLASTOMA","BLOOD","MEDULLOBLASTOMA","COLON"
"1","RN7SKP226","ENSG00000201782",128220504,128220803,"chr8",25,0,3,0,1,0,0,0,7,2,0,0,0,2,0,0,0,0,1,0,0,0,7,0,2,0
"2","MIR3686","ENSG00000263763",129484057,129484142,"chr8",25,0,0,0,2,0,0,0,9,3,0,0,0,2,0,0,0,0,0,0,0,0,7,0,1,1
"3",NA,"ENSG00000286034",128323131,128388636,"chr8",25,0,2,0,1,0,0,0,8,2,0,0,0,2,0,0,0,0,1,0,0,0,7,0,2,0
"4","BRD9P2","ENSG00000249908",767382,768930,"chr5",24,0,1,0,1,2,0,1,8,6,1,0,0,0,0,1,2,0,0,1,0,0,0,0,0,0
"5",NA,"ENSG00000285522",770005,770113,"chr5",24,0,1,0,1,2,0,1,8,6,1,0,0,0,0,1,2,0,0,1,0,0,0,0,0,0
"6",NA,"ENSG00000287785",129241228,129242469,"chr8",23,0,0,0,2,0,0,0,8,2,0,0,0,2,0,0,0,0,0,0,0,0,7,0,1,1
"7",NA,"ENSG00000253225",129250967,129251138,"chr8",22,0,0,0,2,0,0,0,7,2,0,0,0,2,0,0,0,0,0,0,0,0,7,0,1,1
"8","ZDHHC11B","ENSG00000206077",710355,784729,"chr5",20,0,0,0,1,2,0,1,6,6,1,0,0,0,0,1,1,0,0,1,0,0,0,0,0,0
"9","RN7SKP206","ENSG00000222755",129290983,129291275,"chr8",20,0,0,0,2,0,0,0,6,2,0,0,0,1,0,0,0,0,0,0,0,0,7,0,1,1
"10",NA,"ENSG00000200075",129868590,129868716,"chr8",17,0,0,0,1,0,0,0,5,3,0,0,0,1,0,0,0,0,0,0,0,0,7,0,0,0
"11","RNU6-1255P","ENSG00000200304",130069541,130069652,"chr8",17,0,0,0,1,0,0,0,4,3,0,0,0,1,0,0,0,0,0,0,0,0,7,1,0,0
"12",NA,"ENSG00000218586",54933699,54938184,"chr7",17,0,0,0,0,0,0,0,3,1,0,0,0,0,0,0,0,0,1,0,0,0,12,0,0,0
"13",NA,"ENSG00000243402",129864478,129865052,"chr8",17,0,0,0,1,0,0,0,5,3,0,0,0,1,0,0,0,0,0,0,0,0,7,0,0,0
"14","SPCS2P3","ENSG00000247872",816346,817001,"chr5",17,0,1,0,1,2,0,1,4,4,1,0,0,0,0,1,1,0,0,1,0,0,0,0,0,0
"15","RNU7-181P","ENSG00000253043",130004528,130004601,"chr8",17,0,0,0,1,0,0,0,4,3,0,0,0,1,0,0,0,0,0,0,0,0,7,1,0,0
"16",NA,"ENSG00000254317",129832301,129844504,"chr8",17,0,0,0,1,0,0,0,5,3,0,0,0,1,0,0,0,0,0,0,0,0,7,0,0,0
"17","MIR5194","ENSG00000264653",130008334,130008453,"chr8",17,0,0,0,1,0,0,0,4,3,0,0,0,1,0,0,0,0,0,0,0,0,7,1,0,0
"18","ASAP1-IT2","ENSG00000280543",130082738,130084768,"chr8",17,0,0,0,1,0,0,0,4,3,0,0,0,1,0,0,0,0,0,0,0,0,7,1,0,0
"19","CYRIB","ENSG00000153310",129839593,130017129,"chr8",16,0,0,0,1,0,0,0,4,3,0,0,0,1,0,0,0,0,0,0,0,0,7,0,0,0
"20","MIR1207","ENSG00000221176",128049152,128049238,"chr8",16,0,1,0,1,0,0,0,7,3,0,0,0,2,0,0,0,0,0,0,0,0,1,0,1,0
"21",NA,"ENSG00000253720",129939844,129951056,"chr8",16,0,0,0,1,0,0,0,4,3,0,0,0,1,0,0,0,0,0,0,0,0,7,0,0,0
"22",NA,"ENSG00000253926",129415949,129445852,"chr8",16,0,0,0,2,0,0,0,4,2,0,0,0,2,0,0,0,0,0,0,0,0,4,0,1,1
"23",NA,"ENSG00000254263",129890465,129901758,"chr8",16,0,0,0,1,0,0,0,4,3,0,0,0,1,0,0,0,0,0,0,0,0,7,0,0,0
"24","LINC00824","ENSG00000254275",128405269,128564679,"chr8",16,0,2,0,1,0,0,0,6,3,0,0,0,1,0,0,0,0,1,0,0,0,1,0,1,0
"25",NA,"ENSG00000278324",127890626,127890720,"chr8",16,0,1,0,1,0,0,0,8,4,0,0,0,1,0,0,0,0,0,0,0,0,0,0,1,0
"26",NA,"ENSG00000287195",129953729,129964634,"chr8",16,0,0,0,1,0,0,0,4,3,0,0,0,1,0,0,0,0,0,0,0,0,7,0,0,0
"27",NA,"ENSG00000287201",130248287,130251051,"chr8",16,0,0,0,1,0,0,0,4,3,0,0,0,1,0,0,0,0,0,0,0,0,7,0,0,0
"28","RNVU1-32","ENSG00000207110",127999131,127999294,"chr8",15,0,1,0,1,0,0,0,7,3,0,0,0,2,0,0,0,0,0,0,0,0,0,0,1,0
"29","MIR1208","ENSG00000221261",128150116,128150188,"chr8",15,0,2,0,1,0,0,0,6,2,0,0,0,2,0,0,0,0,0,0,0,0,1,0,1,0
"30","MIR1205","ENSG00000221771",127960633,127960695,"chr8",15,0,1,0,1,0,0,0,7,3,0,0,0,2,0,0,0,0,0,0,0,0,0,0,1,0
"31","RNU4-25P","ENSG00000222501",128010382,128010611,"chr8",15,0,1,0,1,0,0,0,7,3,0,0,0,2,0,0,0,0,0,0,0,0,0,0,1,0
"32","MTRF1LP2","ENSG00000224110",129728744,129730445,"chr8",15,0,0,0,1,0,0,0,5,3,0,0,0,1,0,0,0,0,0,0,0,0,4,0,1,0
"33",NA,"ENSG00000237210",55244247,55245681,"chr7",15,0,0,0,0,0,0,0,3,1,0,1,0,0,0,0,0,0,1,0,0,0,9,0,0,0
"34",NA,"ENSG00000275173",37798894,37802788,"chr17",15,0,2,0,1,0,0,0,1,10,0,0,0,0,0,0,0,1,0,0,0,0,0,0,0,0
"35",NA,"ENSG00000278275",128009551,128011938,"chr8",15,0,1,0,1,0,0,0,7,3,0,0,0,2,0,0,0,0,0,0,0,0,0,0,1,0
"36","MIR1206","ENSG00000283200",128008898,128008956,"chr8",15,0,1,0,1,0,0,0,7,3,0,0,0,2,0,0,0,0,0,0,0,0,0,0,1,0
"37",NA,"ENSG00000213172",40364766,40365183,"chr1",14,0,0,0,0,0,0,1,13,0,0,0,0,0,0,0,0,0,0,0,0,0,0,0,0,0
"38","OAZ1P1","ENSG00000226745",40132764,40133448,"chr1",14,0,0,0,0,0,0,1,13,0,0,0,0,0,0,0,0,0,0,0,0,0,0,0,0,0
"39",NA,"ENSG00000227311",40333078,40333557,"chr1",14,0,0,0,0,0,0,1,13,0,0,0,0,0,0,0,0,0,0,0,0,0,0,0,0,0
"40","CALM1P2","ENSG00000230564",55259809,55260256,"chr7",14,0,0,0,0,0,0,0,3,1,0,1,0,0,0,0,0,0,1,0,0,0,8,0,0,0
"41",NA,"ENSG00000231296",40262672,40262984,"chr1",14,0,0,0,0,0,0,1,13,0,0,0,0,0,0,0,0,0,0,0,0,0,0,0,0,0
"42",NA,"ENSG00000259943",40256427,40257967,"chr1",14,0,0,0,0,0,0,1,13,0,0,0,0,0,0,0,0,0,0,0,0,0,0,0,0,0
"43","TBC1D3K","ENSG00000273513",37924415,37935365,"chr17",14,0,2,0,0,0,0,0,1,11,0,0,0,0,0,0,0,0,0,0,0,0,0,0,0,0
"44","HNF1B","ENSG00000275410",37686431,37745105,"chr17",14,0,2,0,1,0,0,0,1,8,0,0,0,0,0,0,0,1,1,0,0,0,0,0,0,0
"45","RNU6-489P","ENSG00000277341",37907957,37908063,"chr17",14,0,1,0,0,0,0,0,1,11,0,0,0,0,0,0,0,0,1,0,0,0,0,0,0,0
"46",NA,"ENSG00000277488",37940704,37940790,"chr17",14,0,2,0,0,0,0,0,1,11,0,0,0,0,0,0,0,0,0,0,0,0,0,0,0,0
"47","TMEM75","ENSG00000280055",127946559,127948723,"chr8",14,0,1,0,1,0,0,0,6,3,0,0,0,2,0,0,0,0,0,0,0,0,0,0,1,0
"48",NA,"ENSG00000285108",129685401,129723023,"chr8",14,0,0,0,1,0,0,0,4,3,0,0,0,1,0,0,0,0,0,0,0,0,4,0,1,0
"49","COL9A2","ENSG00000049089",40300489,40317813,"chr1",13,0,0,0,0,0,0,1,12,0,0,0,0,0,0,0,0,0,0,0,0,0,0,0,0,0
"50","ZMPSTE24","ENSG00000084073",40258041,40294180,"chr1",13,0,0,0,0,0,0,1,12,0,0,0,0,0,0,0,0,0,0,0,0,0,0,0,0,0
"51","TMCO2","ENSG00000188800",40245947,40251684,"chr1",13,0,0,0,0,0,0,1,12,0,0,0,0,0,0,0,0,0,0,0,0,0,0,0,0,0
"52",NA,"ENSG00000207368",195419436,195419546,"chr3",13,0,0,0,1,0,0,1,8,0,0,1,0,1,0,0,0,0,1,0,0,0,0,0,0,0
"53","RNU6-1237P","ENSG00000207508",40177843,40177949,"chr1",13,0,0,0,0,0,0,1,12,0,0,0,0,0,0,0,0,0,0,0,0,0,0,0,0,0
"54",NA,"ENSG00000212342",130162972,130163127,"chr8",13,0,0,0,1,0,0,0,4,3,0,0,0,1,0,0,0,0,0,0,0,0,4,0,0,0
"55","MIR4435-1","ENSG00000265507",87629755,87629834,"chr2",13,0,1,1,1,1,0,0,4,1,0,0,0,0,0,1,1,0,2,0,0,0,0,0,0,0
"56","TBC1D3L","ENSG00000274512",37977972,37989048,"chr17",13,0,1,0,0,0,0,0,2,10,0,0,0,0,0,0,0,0,0,0,0,0,0,0,0,0
"57","YWHAEP7","ENSG00000276715",37828305,37884743,"chr17",13,0,1,0,1,0,0,0,1,9,0,0,0,0,0,0,0,0,1,0,0,0,0,0,0,0
"58",NA,"ENSG00000286535",130358787,130362461,"chr8",13,0,0,0,1,0,0,0,4,3,0,0,0,1,0,0,0,0,0,0,0,0,4,0,0,0
"59","EGFR","ENSG00000146648",55019017,55211628,"chr7",12,1,0,0,0,0,0,0,3,1,0,0,0,0,0,0,0,0,1,0,0,0,7,0,0,0
"60","PVT1","ENSG00000249859",127794526,128187101,"chr8",12,1,1,0,1,0,0,0,6,2,0,0,0,1,0,0,0,0,0,0,0,0,0,0,1,0
"61","PPT1","ENSG00000131238",40072710,40097260,"chr1",12,0,0,0,0,0,0,1,11,0,0,0,0,0,0,0,0,0,0,0,0,0,0,0,0,0
"62","GSDMC","ENSG00000147697",129748196,129786624,"chr8",12,0,0,0,1,0,0,0,4,2,0,0,0,1,0,0,0,0,0,0,0,0,4,0,0,0
"63","ASAP1","ENSG00000153317",130052104,130443674,"chr8",12,0,0,0,1,0,0,0,4,2,0,0,0,1,0,0,0,0,0,0,0,0,4,0,0,0
"64","RPS14P5","ENSG00000225933",87654890,87655243,"chr2",12,0,0,1,1,1,0,0,5,1,0,0,0,0,0,0,1,0,2,0,0,0,0,0,0,0
"65",NA,"ENSG00000227433",195349664,195350030,"chr3",12,0,0,0,1,0,0,1,7,0,0,1,0,1,0,0,0,0,1,0,0,0,0,0,0,0
"66",NA,"ENSG00000228477",39962680,39963404,"chr1",12,0,0,0,0,0,0,1,11,0,0,0,0,0,0,0,0,0,0,0,0,0,0,0,0,0
"67",NA,"ENSG00000253259",130892070,130892785,"chr8",12,0,0,0,1,0,0,0,1,2,0,0,0,1,0,0,0,0,0,0,0,0,7,0,0,0
"68",NA,"ENSG00000274244",37649133,37650894,"chr17",12,0,2,0,0,0,0,0,1,8,0,0,0,0,0,0,0,1,0,0,0,0,0,0,0,0
"69",NA,"ENSG00000277501",37642947,37684252,"chr17",12,0,2,0,0,0,0,0,1,8,0,0,0,0,0,0,0,1,0,0,0,0,0,0,0,0
"70","RLF","ENSG00000117000",40161387,40240921,"chr1",11,0,0,0,0,0,0,1,10,0,0,0,0,0,0,0,0,0,0,0,0,0,0,0,0,0
"71","CAP1","ENSG00000131236",40040233,40072649,"chr1",11,0,0,0,0,0,0,1,10,0,0,0,0,0,0,0,0,0,0,0,0,0,0,0,0,0
"72",NA,"ENSG00000227278",40514461,40515057,"chr1",11,0,0,0,0,0,0,1,10,0,0,0,0,0,0,0,0,0,0,0,0,0,0,0,0,0
"73","GTF2F2P2","ENSG00000233910",40593633,40594353,"chr1",11,0,0,0,0,0,0,1,10,0,0,0,0,0,0,0,0,0,0,0,0,0,0,0,0,0
"74","MIR378J","ENSG00000274620",37614931,37615039,"chr17",11,0,2,0,0,0,0,0,1,7,0,0,0,0,0,0,0,1,0,0,0,0,0,0,0,0
"75",NA,"ENSG00000277688",37609739,37613841,"chr17",11,0,2,0,0,0,0,0,1,7,0,0,0,0,0,0,0,1,0,0,0,0,0,0,0,0
"76","DDX52","ENSG00000278053",37609739,37643446,"chr17",11,0,2,0,0,0,0,0,1,7,0,0,0,0,0,0,0,1,0,0,0,0,0,0,0,0
"77","ELDR","ENSG00000280890",55235965,55255635,"chr7",11,0,0,0,0,0,0,0,3,1,0,1,0,0,0,0,0,0,1,0,0,0,5,0,0,0
"78","MIR1204","ENSG00000283710",127795962,127796028,"chr8",11,0,0,0,1,0,0,0,6,3,0,0,0,1,0,0,0,0,0,0,0,0,0,0,0,0
"79","MYC","ENSG00000136997",127735434,127742951,"chr8",10,1,0,0,0,0,0,0,6,3,0,0,0,1,0,0,0,0,0,0,0,0,0,0,0,0
"80","ZNF684","ENSG00000117010",40531573,40548167,"chr1",10,0,0,0,0,0,0,1,9,0,0,0,0,0,0,0,0,0,0,0,0,0,0,0,0,0
"81","EXO5","ENSG00000164002",40508741,40516556,"chr1",10,0,0,0,0,0,0,1,9,0,0,0,0,0,0,0,0,0,0,0,0,0,0,0,0,0
"82","MFSD2A","ENSG00000168389",39955112,39969968,"chr1",10,0,0,0,0,0,0,0,10,0,0,0,0,0,0,0,0,0,0,0,0,0,0,0,0,0
"83","ZFP69B","ENSG00000187801",40450102,40463718,"chr1",10,0,0,0,0,0,0,1,9,0,0,0,0,0,0,0,0,0,0,0,0,0,0,0,0,0
"84",NA,"ENSG00000207356",39944890,39944998,"chr1",10,0,0,0,0,0,0,0,10,0,0,0,0,0,0,0,0,0,0,0,0,0,0,0,0,0
"85",NA,"ENSG00000236505",40563534,40563659,"chr1",10,0,0,0,0,0,0,1,9,0,0,0,0,0,0,0,0,0,0,0,0,0,0,0,0,0
"86",NA,"ENSG00000237899",40669089,40687588,"chr1",10,0,0,0,0,0,0,1,9,0,0,0,0,0,0,0,0,0,0,0,0,0,0,0,0,0
"87",NA,"ENSG00000238186",40515754,40517174,"chr1",10,0,0,0,0,0,0,1,9,0,0,0,0,0,0,0,0,0,0,0,0,0,0,0,0,0
"88",NA,"ENSG00000238287",40493157,40508661,"chr1",10,0,0,0,0,0,0,1,9,0,0,0,0,0,0,0,0,0,0,0,0,0,0,0,0,0
"89","CASC11","ENSG00000249375",127686343,127738987,"chr8",10,0,0,0,0,0,0,0,6,3,0,0,0,1,0,0,0,0,0,0,0,0,0,0,0,0
"90",NA,"ENSG00000253407",131129761,131144948,"chr8",10,0,0,0,1,0,0,0,1,1,0,0,0,1,0,0,0,0,0,0,0,0,6,0,0,0
"91",NA,"ENSG00000253656",130595299,130655712,"chr8",10,0,0,0,1,0,0,0,2,2,0,0,0,1,0,0,0,0,0,0,0,0,4,0,0,0
"92",NA,"ENSG00000260920",40464319,40466767,"chr1",10,0,0,0,0,0,0,1,9,0,0,0,0,0,0,0,0,0,0,0,0,0,0,0,0,0
"93","NFYC-AS1","ENSG00000272145",40690380,40692066,"chr1",10,0,0,0,0,0,0,1,9,0,0,0,0,0,0,0,0,0,0,0,0,0,0,0,0,0
"94","TBC1D3D","ENSG00000274419",38003976,38014902,"chr17",10,0,1,0,0,0,0,0,2,7,0,0,0,0,0,0,0,0,0,0,0,0,0,0,0,0
"95","SYNRG","ENSG00000275066",37514807,37609472,"chr17",10,0,2,0,0,0,0,0,1,6,0,0,0,0,0,0,0,1,0,0,0,0,0,0,0,0
"96","DUSP14","ENSG00000276023",37489891,37513501,"chr17",10,0,2,0,0,0,0,0,1,6,0,0,0,0,0,0,0,1,0,0,0,0,0,0,0,0
"97",NA,"ENSG00000279667",40473055,40474059,"chr1",10,0,0,0,0,0,0,1,9,0,0,0,0,0,0,0,0,0,0,0,0,0,0,0,0,0
"98","CCAT2","ENSG00000280997",127400399,127402150,"chr8",10,0,1,0,0,0,0,0,3,3,0,0,0,2,0,0,0,0,0,0,1,0,0,0,0,0
"99",NA,"ENSG00000286010",127663280,127670990,"chr8",10,0,0,0,0,0,0,0,6,3,0,0,0,1,0,0,0,0,0,0,0,0,0,0,0,0
"100",NA,"ENSG00000287743",40659848,40667480,"chr1",10,0,0,0,0,0,0,1,9,0,0,0,0,0,0,0,0,0,0,0,0,0,0,0,0,0
"101","MYCL","ENSG00000116990",39895426,39902256,"chr1",9,1,0,0,0,0,0,0,9,0,0,0,0,0,0,0,0,0,0,0,0,0,0,0,0,0
"102","TRIT1","ENSG00000043514",39838110,39883511,"chr1",9,0,0,0,0,0,0,0,9,0,0,0,0,0,0,0,0,0,0,0,0,0,0,0,0,0
"103","NFYC","ENSG00000066136",40691648,40771603,"chr1",9,0,0,0,0,0,0,1,8,0,0,0,0,0,0,0,0,0,0,0,0,0,0,0,0,0
"104","SMAP2","ENSG00000084070",40344850,40423326,"chr1",9,0,0,0,0,0,0,1,8,0,0,0,0,0,0,0,0,0,0,0,0,0,0,0,0,0
"105","ZFP69","ENSG00000187815",40477290,40496343,"chr1",9,0,0,0,0,0,0,1,8,0,0,0,0,0,0,0,0,0,0,0,0,0,0,0,0,0
"106","MIR30E","ENSG00000198974",40754355,40754446,"chr1",9,0,0,0,0,0,0,1,8,0,0,0,0,0,0,0,0,0,0,0,0,0,0,0,0,0
"107",NA,"ENSG00000202222",39881566,39881678,"chr1",9,0,0,0,0,0,0,0,9,0,0,0,0,0,0,0,0,0,0,0,0,0,0,0,0,0
"108","MIR30C1","ENSG00000207962",40757284,40757372,"chr1",9,0,0,0,0,0,0,1,8,0,0,0,0,0,0,0,0,0,0,0,0,0,0,0,0,0
"109","POU5F1B","ENSG00000212993",127322183,127420066,"chr8",9,0,1,0,0,0,0,0,3,3,0,0,0,2,0,0,0,0,0,0,0,0,0,0,0,0
"110","EGFR-AS1","ENSG00000224057",55179750,55188934,"chr7",9,0,0,0,0,0,0,0,3,1,0,0,0,0,0,0,0,0,1,0,0,0,4,0,0,0
"111",NA,"ENSG00000228940",40938104,40939763,"chr1",9,0,0,0,0,0,0,1,8,0,0,0,0,0,0,0,0,0,0,0,0,0,0,0,0,0
"112",NA,"ENSG00000229213",39795843,39795996,"chr1",9,0,0,0,0,0,0,0,9,0,0,0,0,0,0,0,0,0,0,0,0,0,0,0,0,0
"113",NA,"ENSG00000230936",55342316,55344958,"chr7",9,0,0,0,0,0,0,0,2,1,0,0,0,0,0,0,0,0,0,0,0,0,6,0,0,0
"114","UBE2V1P8","ENSG00000233118",40942251,40942515,"chr1",9,0,0,0,0,0,0,1,8,0,0,0,0,0,0,0,0,0,0,0,0,0,0,0,0,0
"115","MYCL-AS1","ENSG00000236546",39897745,39899098,"chr1",9,0,0,0,0,0,0,0,9,0,0,0,0,0,0,0,0,0,0,0,0,0,0,0,0,0
"116","LINC01591","ENSG00000254083",135234131,135299719,"chr8",9,0,1,0,0,0,0,0,1,0,0,0,0,1,0,0,0,0,0,0,0,0,6,0,0,0
"117",NA,"ENSG00000261798",39788976,39790171,"chr1",9,0,0,0,0,0,0,0,9,0,0,0,0,0,0,0,0,0,0,0,0,0,0,0,0,0
"118","RN7SL326P","ENSG00000264582",40804846,40805141,"chr1",9,0,0,0,0,0,0,1,8,0,0,0,0,0,0,0,0,0,0,0,0,0,0,0,0,0
"119",NA,"ENSG00000271509",127292233,127292440,"chr8",9,0,1,0,0,0,0,0,3,3,0,0,0,2,0,0,0,0,0,0,0,0,0,0,0,0
"120",NA,"ENSG00000273965",37407936,37408594,"chr17",9,0,2,0,0,0,0,0,1,5,0,0,0,0,0,0,0,1,0,0,0,0,0,0,0,0
"121",NA,"ENSG00000275839",37454171,37454931,"chr17",9,0,2,0,0,0,0,0,1,5,0,0,0,0,0,0,0,1,0,0,0,0,0,0,0,0
"122",NA,"ENSG00000276054",37386886,37387926,"chr17",9,0,2,0,0,0,0,0,1,5,0,0,0,0,0,0,0,1,0,0,0,0,0,0,0,0
"123","TADA2A","ENSG00000276234",37406886,37479725,"chr17",9,0,2,0,0,0,0,0,1,5,0,0,0,0,0,0,0,1,0,0,0,0,0,0,0,0
"124","C17orf78","ENSG00000278505",37375985,37392708,"chr17",9,0,2,0,0,0,0,0,1,5,0,0,0,0,0,0,0,1,0,0,0,0,0,0,0,0
"125",NA,"ENSG00000284677",40436199,40450039,"chr1",9,0,0,0,0,0,0,1,8,0,0,0,0,0,0,0,0,0,0,0,0,0,0,0,0,0
"126","LINC02811","ENSG00000284678",39801414,39817460,"chr1",9,0,0,0,0,0,0,0,9,0,0,0,0,0,0,0,0,0,0,0,0,0,0,0,0,0
"127",NA,"ENSG00000284719",39799422,39809450,"chr1",9,0,0,0,0,0,0,0,9,0,0,0,0,0,0,0,0,0,0,0,0,0,0,0,0,0
"128","BMP8B-AS1","ENSG00000285905",39779969,39781418,"chr1",9,0,0,0,0,0,0,0,9,0,0,0,0,0,0,0,0,0,0,0,0,0,0,0,0,0
"129",NA,"ENSG00000286266",127578473,127636867,"chr8",9,0,0,0,0,0,0,0,4,3,0,0,0,1,0,0,0,0,0,0,1,0,0,0,0,0
"130",NA,"ENSG00000286668",40939294,40945524,"chr1",9,0,0,0,0,0,0,1,8,0,0,0,0,0,0,0,0,0,0,0,0,0,0,0,0,0
"131",NA,"ENSG00000286838",40559666,40584335,"chr1",9,0,0,0,0,0,0,1,8,0,0,0,0,0,0,0,0,0,0,0,0,0,0,0,0,0
"132",NA,"ENSG00000287781",127253213,127257630,"chr8",9,0,1,0,0,0,0,0,3,3,0,0,0,2,0,0,0,0,0,0,0,0,0,0,0,0
"133","TBC1D3C","ENSG00000278299",38057693,38068592,"chr17",8,1,0,0,0,0,0,0,1,7,0,0,0,0,0,0,0,0,0,0,0,0,0,0,0,0
"134","NT5C1A","ENSG00000116981",39659121,39672038,"chr1",8,0,0,0,0,0,0,0,8,0,0,0,0,0,0,0,0,0,0,0,0,0,0,0,0,0
"135","HPCAL4","ENSG00000116983",39678648,39691485,"chr1",8,0,0,0,0,0,0,0,8,0,0,0,0,0,0,0,0,0,0,0,0,0,0,0,0,0
"136","KCNQ4","ENSG00000117013",40783787,40840452,"chr1",8,0,0,0,0,0,0,1,7,0,0,0,0,0,0,0,0,0,0,0,0,0,0,0,0,0
"137","RIMS3","ENSG00000117016",40620680,40665682,"chr1",8,0,0,0,0,0,0,1,7,0,0,0,0,0,0,0,0,0,0,0,0,0,0,0,0,0
"138","SLFNL1","ENSG00000171790",41015597,41023237,"chr1",8,0,0,0,0,0,0,1,7,0,0,0,0,0,0,0,0,0,0,0,0,0,0,0,0,0
"139","CTPS1","ENSG00000171793",40979688,41012565,"chr1",8,0,0,0,0,0,0,1,7,0,0,0,0,0,0,0,0,0,0,0,0,0,0,0,0,0
"140","CITED4","ENSG00000179862",40861054,40862363,"chr1",8,0,0,0,0,0,0,1,7,0,0,0,0,0,0,0,0,0,0,0,0,0,0,0,0,0
"141","OXCT2","ENSG00000198754",39769523,39771348,"chr1",8,0,0,0,0,0,0,0,8,0,0,0,0,0,0,0,0,0,0,0,0,0,0,0,0,0
"142","RNU4-67P","ENSG00000201439",25404288,25404428,"chr12",8,0,3,0,0,0,0,0,2,0,0,0,0,0,1,0,0,1,0,0,0,1,0,0,0,0
"143","RNU11-4P","ENSG00000212451",126671522,126671654,"chr8",8,0,1,0,1,0,0,0,2,2,0,0,0,2,0,0,0,0,0,0,0,0,0,0,0,0
"144","RPL23AP17","ENSG00000215893",41098638,41099136,"chr1",8,0,0,0,0,0,0,1,7,0,0,0,0,0,0,0,0,0,0,0,0,0,0,0,0,0
"145","RNA5SP44","ENSG00000222378",39154164,39154296,"chr1",8,0,0,0,0,0,0,0,8,0,0,0,0,0,0,0,0,0,0,0,0,0,0,0,0,0
"146",NA,"ENSG00000224722",127086263,127087510,"chr8",8,0,1,0,0,0,0,0,2,3,0,0,0,2,0,0,0,0,0,0,0,0,0,0,0,0
"147",NA,"ENSG00000225333",39718028,39718595,"chr1",8,0,0,0,0,0,0,0,8,0,0,0,0,0,0,0,0,0,0,0,0,0,0,0,0,0
"148",NA,"ENSG00000229528",40863914,40876670,"chr1",8,0,0,0,0,0,0,1,7,0,0,0,0,0,0,0,0,0,0,0,0,0,0,0,0,0
"149",NA,"ENSG00000241846",25409293,25409445,"chr12",8,0,3,0,0,0,0,0,2,0,0,0,0,0,1,0,0,1,0,0,0,1,0,0,0,0
"150","RNU7-121P","ENSG00000252413",39723566,39723627,"chr1",8,0,0,0,0,0,0,0,8,0,0,0,0,0,0,0,0,0,0,0,0,0,0,0,0,0
"151",NA,"ENSG00000253414",37516399,37521447,"chr8",8,0,0,0,0,0,0,0,2,5,0,0,0,0,1,0,0,0,0,0,0,0,0,0,0,0
"152",NA,"ENSG00000253992",130935409,130949665,"chr8",8,0,0,0,1,0,0,0,1,1,0,0,0,1,0,0,0,0,0,0,0,0,4,0,0,0
"153",NA,"ENSG00000254111",37559992,37567477,"chr8",8,0,0,0,0,0,0,0,2,5,0,0,0,0,1,0,0,0,0,0,0,0,0,0,0,0
"154",NA,"ENSG00000254290",37597480,37599858,"chr8",8,0,0,0,0,0,0,0,2,5,0,0,0,0,1,0,0,0,0,0,0,0,0,0,0,0
"155",NA,"ENSG00000278743",25385670,25386241,"chr12",8,0,3,0,0,0,0,0,2,0,0,0,0,0,1,0,0,1,0,0,0,1,0,0,0,0
"156","SLFNL1-AS1","ENSG00000281207",41014590,41043890,"chr1",8,0,0,0,0,0,0,1,7,0,0,0,0,0,0,0,0,0,0,0,0,0,0,0,0,0
"157","LINC02786","ENSG00000284623",38129464,38140593,"chr1",8,0,0,0,0,0,0,0,8,0,0,0,0,0,0,0,0,0,0,0,0,0,0,0,0,0
"158",NA,"ENSG00000286552",38149544,38162545,"chr1",8,0,0,0,0,0,0,0,8,0,0,0,0,0,0,0,0,0,0,0,0,0,0,0,0,0
"159","KRAS","ENSG00000133703",25205246,25250936,"chr12",7,1,3,0,0,0,0,0,1,0,0,0,0,0,1,0,0,1,0,0,0,1,0,0,0,0
"160","PPIE","ENSG00000084072",39692182,39763914,"chr1",7,0,0,0,0,0,0,0,7,0,0,0,0,0,0,0,0,0,0,0,0,0,0,0,0,0
"161","BMP8B","ENSG00000116985",39757182,39788865,"chr1",7,0,0,0,0,0,0,0,7,0,0,0,0,0,0,0,0,0,0,0,0,0,0,0,0,0
"162","CFAP94","ENSG00000118307",25108289,25195162,"chr12",7,0,3,0,0,0,0,0,1,0,0,0,0,0,1,0,0,1,0,0,0,1,0,0,0,0
"163","LMNTD1","ENSG00000152936",25409307,25648579,"chr12",7,0,2,0,0,0,0,0,2,0,0,0,0,0,1,0,0,1,0,0,0,1,0,0,0,0
"164","ADCY8","ENSG00000155897",130780301,131040909,"chr8",7,0,0,0,1,0,0,0,1,1,0,0,0,1,0,0,0,0,0,0,0,0,3,0,0,0
"165","HEYL","ENSG00000163909",39623435,39639643,"chr1",7,0,0,0,0,0,0,0,7,0,0,0,0,0,0,0,0,0,0,0,0,0,0,0,0,0
"166","AKIRIN1","ENSG00000174574",38991276,39006059,"chr1",7,0,0,0,0,0,0,0,7,0,0,0,0,0,0,0,0,0,0,0,0,0,0,0,0,0
"167","POU3F1","ENSG00000185668",38043829,38046793,"chr1",7,0,0,0,0,0,0,0,7,0,0,0,0,0,0,0,0,0,0,0,0,0,0,0,0,0
"168","SNORA55","ENSG00000201457",39567374,39567508,"chr1",7,0,0,0,0,0,0,0,7,0,0,0,0,0,0,0,0,0,0,0,0,0,0,0,0,0
"169","FOXO6","ENSG00000204060",41361922,41383590,"chr1",7,0,0,0,0,0,0,0,6,1,0,0,0,0,0,0,0,0,0,0,0,0,0,0,0,0
"170","ETFRF1","ENSG00000205707",25195216,25209645,"chr12",7,0,3,0,0,0,0,0,1,0,0,0,0,0,1,0,0,1,0,0,0,1,0,0,0,0
"171","RNU6-608P","ENSG00000206654",39120940,39121043,"chr1",7,0,0,0,0,0,0,0,7,0,0,0,0,0,0,0,0,0,0,0,0,0,0,0,0,0
"172",NA,"ENSG00000213987",41264550,41264862,"chr1",7,0,0,0,0,0,0,0,6,1,0,0,0,0,0,0,0,0,0,0,0,0,0,0,0,0
"173","HSPA5P1","ENSG00000215895",38708931,38710890,"chr1",7,0,0,0,0,0,0,0,7,0,0,0,0,0,0,0,0,0,0,0,0,0,0,0,0,0
"174","MIR920","ENSG00000216192",24212421,24212495,"chr12",7,0,2,0,0,0,0,0,2,0,0,0,0,0,1,0,0,1,0,0,0,1,0,0,0,0
"175","HSPE1P8","ENSG00000217897",39304294,39304898,"chr1",7,0,0,0,0,0,0,0,7,0,0,0,0,0,0,0,0,0,0,0,0,0,0,0,0,0
"176","RN7SKP65","ENSG00000222210",57977965,57978277,"chr12",7,0,0,0,0,0,0,0,0,1,0,0,0,0,0,0,0,0,0,0,0,0,6,0,0,0
"177",NA,"ENSG00000225903",39633416,39633903,"chr1",7,0,0,0,0,0,0,0,7,0,0,0,0,0,0,0,0,0,0,0,0,0,0,0,0,0
"178","PABPC4-AS1","ENSG00000228060",39565052,39573860,"chr1",7,0,0,0,0,0,0,0,7,0,0,0,0,0,0,0,0,0,0,0,0,0,0,0,0,0
"179","FOXO6-AS1","ENSG00000229901",41375004,41375669,"chr1",7,0,0,0,0,0,0,0,6,1,0,0,0,0,0,0,0,0,0,0,0,0,0,0,0,0
"180","LINC01343","ENSG00000237290",38209034,38214806,"chr1",7,0,0,0,0,0,0,0,7,0,0,0,0,0,0,0,0,0,0,0,0,0,0,0,0,0
"181","OXCT2P1","ENSG00000237624",39514956,39516490,"chr1",7,0,0,0,0,0,0,0,7,0,0,0,0,0,0,0,0,0,0,0,0,0,0,0,0,0
"182","LINC01685","ENSG00000238063",38474825,38516520,"chr1",7,0,0,0,0,0,0,0,7,0,0,0,0,0,0,0,0,0,0,0,0,0,0,0,0,0
"183","CASC8","ENSG00000246228",127289817,127482139,"chr8",7,0,1,0,0,0,0,0,2,3,0,0,0,1,0,0,0,0,0,0,0,0,0,0,0,0
"184",NA,"ENSG00000253123",37326575,37331991,"chr8",7,0,0,0,0,0,0,0,2,4,0,0,0,0,1,0,0,0,0,0,0,0,0,0,0,0
"185","LINC01605","ENSG00000253161",37421341,37554183,"chr8",7,0,0,0,0,0,0,0,2,4,0,0,0,0,1,0,0,0,0,0,0,0,0,0,0,0
"186",NA,"ENSG00000253388",37480089,37480809,"chr8",7,0,0,0,0,0,0,0,2,4,0,0,0,0,1,0,0,0,0,0,0,0,0,0,0,0
"187",NA,"ENSG00000253507",131308545,131317632,"chr8",7,0,0,0,1,0,0,0,1,1,0,0,0,1,0,0,0,0,0,0,0,0,3,0,0,0
"188",NA,"ENSG00000253573",126766196,126846981,"chr8",7,0,1,0,1,0,0,0,1,2,0,0,0,2,0,0,0,0,0,0,0,0,0,0,0,0
"189","SMARCE1P4","ENSG00000253650",37095150,37095390,"chr8",7,0,0,0,0,0,0,0,2,4,0,0,0,0,1,0,0,0,0,0,0,0,0,0,0,0
"190",NA,"ENSG00000253746",37405439,37406724,"chr8",7,0,0,0,0,0,0,0,2,4,0,0,0,0,1,0,0,0,0,0,0,0,0,0,0,0
"191",NA,"ENSG00000254038",37067441,37069418,"chr8",7,0,0,0,0,0,0,0,2,4,0,0,0,0,1,0,0,0,0,0,0,0,0,0,0,0
"192",NA,"ENSG00000254255",131712512,131712980,"chr8",7,0,0,0,1,0,0,0,1,0,0,0,0,1,0,0,0,0,1,0,0,0,3,0,0,0
"193",NA,"ENSG00000254306",37600537,37625873,"chr8",7,0,0,0,0,0,0,0,2,4,0,0,0,0,1,0,0,0,0,0,0,0,0,0,0,0
"194","TUBB4BP1","ENSG00000255988",25440875,25441052,"chr12",7,0,2,0,0,0,0,0,2,0,0,0,0,0,1,0,0,1,0,0,0,1,0,0,0,0
"195","FAM133GP","ENSG00000256079",25435581,25436238,"chr12",7,0,2,0,0,0,0,0,2,0,0,0,0,0,1,0,0,1,0,0,0,1,0,0,0,0
"196","SOX5-AS1","ENSG00000256120",24223233,24260056,"chr12",7,0,2,0,0,0,0,0,2,0,0,0,0,0,1,0,0,1,0,0,0,1,0,0,0,0
"197",NA,"ENSG00000256473",23637973,23638487,"chr12",7,0,2,0,0,0,0,0,2,0,0,0,0,0,1,0,0,1,0,0,0,1,0,0,0,0
"198",NA,"ENSG00000257009",25585994,25592928,"chr12",7,0,2,0,0,0,0,0,2,0,0,0,0,0,1,0,0,1,0,0,0,1,0,0,0,0
"199","LINC02403","ENSG00000257541",58087892,58093362,"chr12",7,0,0,0,0,0,0,0,0,1,0,0,0,0,0,0,0,0,0,0,0,0,6,0,0,0
"200",NA,"ENSG00000257668",57983795,57984761,"chr12",7,0,0,0,0,0,0,0,0,1,0,0,0,0,0,0,0,0,0,0,0,0,6,0,0,0
"201","GIHCG","ENSG00000257698",57930115,57936345,"chr12",7,0,0,0,0,0,0,0,0,1,0,0,0,0,0,0,0,0,0,0,0,0,6,0,0,0
"202",NA,"ENSG00000258449",25096868,25100980,"chr12",7,0,3,0,0,0,0,0,1,0,0,0,0,0,1,0,0,1,0,0,0,1,0,0,0,0
"203","CENPUP2","ENSG00000258546",25092715,25093900,"chr12",7,0,3,0,0,0,0,0,1,0,0,0,0,0,1,0,0,1,0,0,0,1,0,0,0,0
"204",NA,"ENSG00000274987",25210652,25211233,"chr12",7,0,3,0,0,0,0,0,1,0,0,0,0,0,1,0,0,1,0,0,0,1,0,0,0,0
"205",NA,"ENSG00000275197",25225103,25225665,"chr12",7,0,3,0,0,0,0,0,1,0,0,0,0,0,1,0,0,1,0,0,0,1,0,0,0,0
"206",NA,"ENSG00000276842",25103124,25103869,"chr12",7,0,3,0,0,0,0,0,1,0,0,0,0,0,1,0,0,1,0,0,0,1,0,0,0,0
"207",NA,"ENSG00000278969",24902309,24904681,"chr12",7,0,3,0,0,0,0,0,1,0,0,0,0,0,1,0,0,1,0,0,0,1,0,0,0,0
"208",NA,"ENSG00000279134",58094914,58098013,"chr12",7,0,0,0,0,0,0,0,0,1,0,0,0,0,0,0,0,0,0,0,0,0,6,0,0,0
"209",NA,"ENSG00000279173",25423600,25424942,"chr12",7,0,2,0,0,0,0,0,2,0,0,0,0,0,1,0,0,1,0,0,0,1,0,0,0,0
"210",NA,"ENSG00000279411",58103907,58105935,"chr12",7,0,0,0,0,0,0,0,0,1,0,0,0,0,0,0,0,0,0,0,0,0,6,0,0,0
"211",NA,"ENSG00000286640",41302932,41306148,"chr1",7,0,0,0,0,0,0,0,6,1,0,0,0,0,0,0,0,0,0,0,0,0,0,0,0,0
"212",NA,"ENSG00000287987",38193619,38210340,"chr1",7,0,0,0,0,0,0,0,7,0,0,0,0,0,0,0,0,0,0,0,0,0,0,0,0,0
"213","AGAP2","ENSG00000135439",57723761,57742157,"chr12",6,1,0,0,0,0,0,0,0,0,0,0,0,0,0,0,0,0,0,0,0,0,6,0,0,0
"214","BRF2","ENSG00000104221",37843268,37849861,"chr8",6,1,0,0,0,0,0,0,2,3,0,0,0,0,1,0,0,0,0,0,0,0,0,0,0,0
"215","CDK4","ENSG00000135446",57747727,57756013,"chr12",6,1,0,0,0,0,0,0,0,0,0,0,0,0,0,0,0,0,0,0,0,0,6,0,0,0
"216","ZNF703","ENSG00000183779",37695782,37700019,"chr8",6,1,0,0,0,0,0,0,2,3,0,0,0,0,1,0,0,0,0,0,0,0,0,0,0,0
"217","ADGRA2","ENSG00000020181",37784191,37844896,"chr8",6,0,0,0,0,0,0,0,2,3,0,0,0,0,1,0,0,0,0,0,0,0,0,0,0,0
"218","CD44","ENSG00000026508",35138882,35232402,"chr11",6,0,1,0,0,0,0,0,3,0,2,0,0,0,0,0,0,0,0,0,0,0,0,0,0,0
"219","PABPC4","ENSG00000090621",39560709,39576790,"chr1",6,0,0,0,0,0,0,0,6,0,0,0,0,0,0,0,0,0,0,0,0,0,0,0,0,0
"220","RRAGC","ENSG00000116954",38838198,38859772,"chr1",6,0,0,0,0,0,0,0,6,0,0,0,0,0,0,0,0,0,0,0,0,0,0,0,0,0
"221","IRAG2","ENSG00000118308",25004342,25108334,"chr12",6,0,2,0,0,0,0,0,1,0,0,0,0,0,1,0,0,1,0,0,0,1,0,0,0,0
"222","GJA9","ENSG00000131233",38874069,38881587,"chr1",6,0,0,0,0,0,0,0,6,0,0,0,0,0,0,0,0,0,0,0,0,0,0,0,0,0
"223","LANCL2","ENSG00000132434",55365337,55433737,"chr7",6,0,0,0,0,0,0,0,2,1,0,0,0,0,0,0,0,0,0,0,0,0,3,0,0,0
"224","TSPAN31","ENSG00000135452",57738013,57750219,"chr12",6,0,0,0,0,0,0,0,0,0,0,0,0,0,0,0,0,0,0,0,0,0,6,0,0,0
"225","OS9","ENSG00000135506",57693955,57721557,"chr12",6,0,0,0,0,0,0,0,0,0,0,0,0,0,0,0,0,0,0,0,0,0,6,0,0,0
"226","MARCHF9","ENSG00000139266",57755103,57760411,"chr12",6,0,0,0,0,0,0,0,0,0,0,0,0,0,0,0,0,0,0,0,0,0,6,0,0,0
"227","PLPBP","ENSG00000147471",37762595,37779768,"chr8",6,0,0,0,0,0,0,0,2,3,0,0,0,0,1,0,0,0,0,0,0,0,0,0,0,0
"228","ERLIN2","ENSG00000147475",37736601,37758422,"chr8",6,0,0,0,0,0,0,0,2,3,0,0,0,0,1,0,0,0,0,0,0,0,0,0,0,0
"229","MAL2","ENSG00000147676",119165034,119245673,"chr8",6,0,1,0,0,0,0,0,0,4,0,0,0,1,0,0,0,0,0,0,0,0,0,0,0,0
"230","RHBDL2","ENSG00000158315",38885807,38941830,"chr1",6,0,0,0,0,0,0,0,6,0,0,0,0,0,0,0,0,0,0,0,0,0,0,0,0,0
"231","TNFRSF11B","ENSG00000164761",118923557,118951885,"chr8",6,0,1,0,0,0,0,0,0,4,0,0,0,1,0,0,0,0,0,0,0,0,0,0,0,0
"232","ATP23","ENSG00000166896",57906039,57959148,"chr12",6,0,0,0,0,0,0,0,0,0,0,0,0,0,0,0,0,0,0,0,0,0,6,0,0,0
"233","FADD","ENSG00000168040",70203296,70207390,"chr11",6,0,0,1,1,0,0,0,0,0,3,0,0,0,0,1,0,0,0,0,0,0,0,0,0,0
"234","NDUFS5","ENSG00000168653",39026318,39034636,"chr1",6,0,0,0,0,0,0,0,6,0,0,0,0,0,0,0,0,0,0,0,0,0,0,0,0,0
"235","HAS2","ENSG00000170961",121612116,121641440,"chr8",6,0,1,0,0,0,0,0,0,4,0,0,0,1,0,0,0,0,0,0,0,0,0,0,0,0
"236","POLD4","ENSG00000175482",67350772,67356972,"chr11",6,0,1,0,0,0,0,0,1,1,1,0,0,0,0,2,0,0,0,0,0,0,0,0,0,0
"237","CLCF1","ENSG00000175505",67364168,67374177,"chr11",6,0,1,0,0,0,0,0,1,1,1,0,0,0,0,2,0,0,0,0,0,0,0,0,0,0
"238","DTX3","ENSG00000178498",57604622,57609804,"chr12",6,0,0,0,0,0,0,0,0,0,0,0,0,0,0,0,0,0,0,0,0,0,6,0,0,0
"239",NA,"ENSG00000183154",37734761,37737426,"chr8",6,0,0,0,0,0,0,0,2,3,0,0,0,0,1,0,0,0,0,0,0,0,0,0,0,0
"240","EPHA10","ENSG00000183317",37713880,37765133,"chr1",6,0,0,0,0,0,0,0,6,0,0,0,0,0,0,0,0,0,0,0,0,0,0,0,0,0
"241","FHL3","ENSG00000183386",37996770,38005606,"chr1",6,0,0,0,0,0,0,0,6,0,0,0,0,0,0,0,0,0,0,0,0,0,0,0,0,0
"242","SF3A3","ENSG00000183431",37956975,37990075,"chr1",6,0,0,0,0,0,0,0,6,0,0,0,0,0,0,0,0,0,0,0,0,0,0,0,0,0
"243","UTP11","ENSG00000183520",38009258,38024820,"chr1",6,0,0,0,0,0,0,0,6,0,0,0,0,0,0,0,0,0,0,0,0,0,0,0,0,0
"244","BMP8A","ENSG00000183682",39491636,39529869,"chr1",6,0,0,0,0,0,0,0,6,0,0,0,0,0,0,0,0,0,0,0,0,0,0,0,0,0
"245","COLEC10","ENSG00000184374",118995452,119108455,"chr8",6,0,1,0,0,0,0,0,0,4,0,0,0,1,0,0,0,0,0,0,0,0,0,0,0,0
"246","MANEAL","ENSG00000185090",37793847,37801137,"chr1",6,0,0,0,0,0,0,0,6,0,0,0,0,0,0,0,0,0,0,0,0,0,0,0,0,0
"247","MTF1","ENSG00000188786",37809574,37859592,"chr1",6,0,0,0,0,0,0,0,6,0,0,0,0,0,0,0,0,0,0,0,0,0,0,0,0,0
"248","YRDC","ENSG00000196449",37802945,37808208,"chr1",6,0,0,0,0,0,0,0,6,0,0,0,0,0,0,0,0,0,0,0,0,0,0,0,0,0
"249","LINC00477","ENSG00000197503",24566964,24584168,"chr12",6,0,1,0,0,0,0,0,2,0,0,0,0,0,1,0,0,1,0,0,0,1,0,0,0,0
"250","C1orf122","ENSG00000197982",37806979,37809454,"chr1",6,0,0,0,0,0,0,0,6,0,0,0,0,0,0,0,0,0,0,0,0,0,0,0,0,0
"251","RNU6-605P","ENSG00000199963",38926870,38926977,"chr1",6,0,0,0,0,0,0,0,6,0,0,0,0,0,0,0,0,0,0,0,0,0,0,0,0,0
"252",NA,"ENSG00000200421",37737955,37738054,"chr1",6,0,0,0,0,0,0,0,6,0,0,0,0,0,0,0,0,0,0,0,0,0,0,0,0,0
"253","RNU6-753P","ENSG00000200796",38396659,38396765,"chr1",6,0,0,0,0,0,0,0,6,0,0,0,0,0,0,0,0,0,0,0,0,0,0,0,0,0
"254","RN7SKP239","ENSG00000201684",67362414,67362708,"chr11",6,0,1,0,0,0,0,0,1,1,1,0,0,0,0,2,0,0,0,0,0,0,0,0,0,0
"255","RN7SKP153","ENSG00000201896",119711830,119712145,"chr8",6,0,1,0,0,0,0,0,0,3,0,0,0,1,0,0,0,0,0,0,1,0,0,0,0,0
"256","INPP5B","ENSG00000204084",37860697,37947057,"chr1",6,0,0,0,0,0,0,0,6,0,0,0,0,0,0,0,0,0,0,0,0,0,0,0,0,0
"257",NA,"ENSG00000206776",119388348,119388469,"chr8",6,0,1,0,0,0,0,0,0,4,0,0,0,1,0,0,0,0,0,0,0,0,0,0,0,0
"258","RNU6-12P","ENSG00000207334",118976513,118976619,"chr8",6,0,1,0,0,0,0,0,0,4,0,0,0,1,0,0,0,0,0,0,0,0,0,0,0,0
"259",NA,"ENSG00000207466",38950825,38950925,"chr1",6,0,0,0,0,0,0,0,6,0,0,0,0,0,0,0,0,0,0,0,0,0,0,0,0,0
"260","MIR570","ENSG00000207650",195699401,195699497,"chr3",6,0,0,0,1,0,0,0,4,0,0,0,0,1,0,0,0,0,0,0,0,0,0,0,0,0
"261","RNU6-510P","ENSG00000212541",37991462,37991569,"chr1",6,0,0,0,0,0,0,0,6,0,0,0,0,0,0,0,0,0,0,0,0,0,0,0,0,0
"262","BRI3P2","ENSG00000213736",24967127,24967504,"chr12",6,0,2,0,0,0,0,0,1,0,0,0,0,0,1,0,0,1,0,0,0,1,0,0,0,0
"263","MYCBP","ENSG00000214114",38862493,38873368,"chr1",6,0,0,0,0,0,0,0,6,0,0,0,0,0,0,0,0,0,0,0,0,0,0,0,0,0
"264","ACTN4P2","ENSG00000214141",37776670,37779418,"chr1",6,0,0,0,0,0,0,0,6,0,0,0,0,0,0,0,0,0,0,0,0,0,0,0,0,0
"265","RNU6-584P","ENSG00000222282",37885023,37885117,"chr1",6,0,0,0,0,0,0,0,6,0,0,0,0,0,0,0,0,0,0,0,0,0,0,0,0,0
"266","RNU6-607P","ENSG00000223215",37668898,37669005,"chr8",6,0,0,0,0,0,0,0,2,3,0,0,0,0,1,0,0,0,0,0,0,0,0,0,0,0
"267",NA,"ENSG00000223589",38080572,38080911,"chr1",6,0,0,0,0,0,0,0,6,0,0,0,0,0,0,0,0,0,0,0,0,0,0,0,0,0
"268","MIR3659HG","ENSG00000224592",38047314,38119025,"chr1",6,0,0,0,0,0,0,0,6,0,0,0,0,0,0,0,0,0,0,0,0,0,0,0,0,0
"269",NA,"ENSG00000224713",57612118,57619638,"chr12",6,0,0,0,0,0,0,0,0,0,0,0,0,0,0,0,0,0,0,0,0,0,6,0,0,0
"270","C12orf77","ENSG00000226397",24993424,25006403,"chr12",6,0,2,0,0,0,0,0,1,0,0,0,0,0,1,0,0,1,0,0,0,1,0,0,0,0
"271",NA,"ENSG00000226438",39249838,39257649,"chr1",6,0,0,0,0,0,0,0,6,0,0,0,0,0,0,0,0,0,0,0,0,0,0,0,0,0
"272","RPSAP33","ENSG00000226765",168666559,168667423,"chr3",6,0,0,0,3,0,0,0,2,0,0,0,0,0,0,1,0,0,0,0,0,0,0,0,0,0
"273",NA,"ENSG00000228436",38859912,38965038,"chr1",6,0,0,0,0,0,0,0,6,0,0,0,0,0,0,0,0,0,0,0,0,0,0,0,0,0
"274",NA,"ENSG00000230955",37860697,37861580,"chr1",6,0,0,0,0,0,0,0,6,0,0,0,0,0,0,0,0,0,0,0,0,0,0,0,0,0
"275",NA,"ENSG00000233170",37747338,37748004,"chr8",6,0,0,0,0,0,0,0,2,3,0,0,0,0,1,0,0,0,0,0,0,0,0,0,0,0
"276",NA,"ENSG00000233728",37799720,37800879,"chr1",6,0,0,0,0,0,0,0,6,0,0,0,0,0,0,0,0,0,0,0,0,0,0,0,0,0
"277",NA,"ENSG00000235358",41242373,41284861,"chr1",6,0,0,0,0,0,0,0,6,0,0,0,0,0,0,0,0,0,0,0,0,0,0,0,0,0
"278","EIF1P2","ENSG00000235549",38958275,38958925,"chr1",6,0,0,0,0,0,0,0,6,0,0,0,0,0,0,0,0,0,0,0,0,0,0,0,0,0
"279",NA,"ENSG00000235673",37840986,37841676,"chr1",6,0,0,0,0,0,0,0,6,0,0,0,0,0,0,0,0,0,0,0,0,0,0,0,0,0
"280","RPL35AP19","ENSG00000239872",121380137,121380465,"chr8",6,0,1,0,0,0,0,0,0,4,0,0,0,1,0,0,0,0,0,0,0,0,0,0,0,0
"281","RN7SL38P","ENSG00000240481",24706788,24707083,"chr12",6,0,2,0,0,0,0,0,1,0,0,0,0,0,1,0,0,1,0,0,0,1,0,0,0,0
"282","ARHGEF25","ENSG00000240771",57610180,57617245,"chr12",6,0,0,0,0,0,0,0,0,0,0,0,0,0,0,0,0,0,0,0,0,0,6,0,0,0
"283","RPL13AP23","ENSG00000242990",57674665,57675250,"chr12",6,0,0,0,0,0,0,0,0,0,0,0,0,0,0,0,0,0,0,0,0,0,6,0,0,0
"284","PPIEL","ENSG00000243970",39522280,39559671,"chr1",6,0,0,0,0,0,0,0,6,0,0,0,0,0,0,0,0,0,0,0,0,0,0,0,0,0
"285","HAS2-AS1","ENSG00000248690",121639293,121994185,"chr8",6,0,1,0,0,0,0,0,0,4,0,0,0,1,0,0,0,0,0,0,0,0,0,0,0,0
"286",NA,"ENSG00000251194",35212550,35214007,"chr11",6,0,1,0,0,0,0,0,3,0,2,0,0,0,0,0,0,0,0,0,0,0,0,0,0,0
"287",NA,"ENSG00000252158",131432776,131432869,"chr8",6,0,0,0,1,0,0,0,1,0,0,0,0,1,0,0,0,0,0,0,0,0,3,0,0,0
"288",NA,"ENSG00000252448",37884237,37884317,"chr1",6,0,0,0,0,0,0,0,6,0,0,0,0,0,0,0,0,0,0,0,0,0,0,0,0,0
"289","RNA5SP45","ENSG00000252563",41466937,41467028,"chr1",6,0,0,0,0,0,0,0,6,0,0,0,0,0,0,0,0,0,0,0,0,0,0,0,0,0
"290","RNU6-1238P","ENSG00000253024",67395210,67395311,"chr11",6,0,1,0,0,0,0,0,1,1,1,0,0,0,0,2,0,0,0,0,0,0,0,0,0,0
"291",NA,"ENSG00000253181",37717579,37733756,"chr8",6,0,0,0,0,0,0,0,2,3,0,0,0,0,1,0,0,0,0,0,0,0,0,0,0,0
"292",NA,"ENSG00000253344",37626015,37674387,"chr8",6,0,0,0,0,0,0,0,2,3,0,0,0,0,1,0,0,0,0,0,0,0,0,0,0,0
"293","CYCSP23","ENSG00000253495",119618162,119618474,"chr8",6,0,1,0,0,0,0,0,0,3,0,0,0,1,0,0,0,0,0,0,1,0,0,0,0,0
"294","MRPS36P3","ENSG00000253814",122091480,122091609,"chr8",6,0,1,0,0,0,0,0,0,4,0,0,0,1,0,0,0,0,0,0,0,0,0,0,0,0
"295","MAL2-AS1","ENSG00000253972",119214625,119246848,"chr8",6,0,1,0,0,0,0,0,0,4,0,0,0,1,0,0,0,0,0,0,0,0,0,0,0,0
"296","LINC02855","ENSG00000254209",121668934,121697600,"chr8",6,0,1,0,0,0,0,0,0,4,0,0,0,1,0,0,0,0,0,0,0,0,0,0,0,0
"297",NA,"ENSG00000254247",118982579,118982875,"chr8",6,0,1,0,0,0,0,0,0,4,0,0,0,1,0,0,0,0,0,0,0,0,0,0,0,0
"298",NA,"ENSG00000254278",119062942,119068782,"chr8",6,0,1,0,0,0,0,0,0,4,0,0,0,1,0,0,0,0,0,0,0,0,0,0,0,0
"299",NA,"ENSG00000254343",120052180,120056201,"chr8",6,0,1,0,0,0,0,0,0,3,0,0,0,1,0,0,0,0,0,0,1,0,0,0,0,0
"300",NA,"ENSG00000254372",135455865,135456952,"chr8",6,0,1,0,0,0,0,0,1,0,0,0,0,1,0,0,0,0,0,0,0,0,3,0,0,0
"301",NA,"ENSG00000254721",70206291,70207390,"chr11",6,0,0,1,1,0,0,0,0,0,3,0,0,0,0,1,0,0,0,0,0,0,0,0,0,0
"302","ANO1-AS1","ENSG00000254902",70187788,70188509,"chr11",6,0,0,1,1,0,0,0,0,0,3,0,0,0,0,1,0,0,0,0,0,0,0,0,0,0
"303","CD44-AS1","ENSG00000255443",35210343,35214985,"chr11",6,0,1,0,0,0,0,0,3,0,2,0,0,0,0,0,0,0,0,0,0,0,0,0,0,0
"304","ZDHHC20P3","ENSG00000255460",75228322,75228657,"chr11",6,0,0,0,2,0,0,0,0,2,0,0,0,0,0,1,0,0,1,0,0,0,0,0,0,0
"305",NA,"ENSG00000255521",35132655,35138032,"chr11",6,0,1,0,0,0,0,0,3,0,2,0,0,0,0,0,0,0,0,0,0,0,0,0,0,0
"306","AGAP2-AS1","ENSG00000255737",57726271,57728356,"chr12",6,0,0,0,0,0,0,0,0,0,0,0,0,0,0,0,0,0,0,0,0,0,6,0,0,0
"307",NA,"ENSG00000255745",24704503,24775565,"chr12",6,0,2,0,0,0,0,0,1,0,0,0,0,0,1,0,0,1,0,0,0,1,0,0,0,0
"308",NA,"ENSG00000255921",24949163,24960158,"chr12",6,0,2,0,0,0,0,0,1,0,0,0,0,0,1,0,0,1,0,0,0,1,0,0,0,0
"309",NA,"ENSG00000256482",24830421,24836558,"chr12",6,0,2,0,0,0,0,0,1,0,0,0,0,0,1,0,0,1,0,0,0,1,0,0,0,0
"310",NA,"ENSG00000256514",67351572,67373584,"chr11",6,0,1,0,0,0,0,0,1,1,1,0,0,0,0,2,0,0,0,0,0,0,0,0,0,0
"311","KNOP1P1","ENSG00000256852",24583561,24584549,"chr12",6,0,1,0,0,0,0,0,2,0,0,0,0,0,1,0,0,1,0,0,0,1,0,0,0,0
"312",NA,"ENSG00000257342",57694132,57721510,"chr12",6,0,0,0,0,0,0,0,0,0,0,0,0,0,0,0,0,0,0,0,0,0,6,0,0,0
"313","TPBGL","ENSG00000261594",75240774,75243704,"chr11",6,0,0,0,2,0,0,0,0,2,0,0,0,0,0,1,0,0,1,0,0,0,0,0,0,0
"314","MIR3659","ENSG00000265596",38089231,38089329,"chr1",6,0,0,0,0,0,0,0,6,0,0,0,0,0,0,0,0,0,0,0,0,0,0,0,0,0
"315",NA,"ENSG00000267223",30219666,30228715,"chr19",6,0,1,0,2,0,0,0,0,3,0,0,0,0,0,0,0,0,0,0,0,0,0,0,0,0
"316",NA,"ENSG00000273637",38839333,38874494,"chr1",6,0,0,0,0,0,0,0,6,0,0,0,0,0,0,0,0,0,0,0,0,0,0,0,0,0
"317",NA,"ENSG00000273805",57894232,57896846,"chr12",6,0,0,0,0,0,0,0,0,0,0,0,0,0,0,0,0,0,0,0,0,0,6,0,0,0
"318",NA,"ENSG00000274251",67353629,67354348,"chr11",6,0,1,0,0,0,0,0,1,1,1,0,0,0,0,2,0,0,0,0,0,0,0,0,0,0
"319",NA,"ENSG00000274308",37140611,37141424,"chr17",6,0,1,0,0,0,0,0,1,3,0,0,0,0,0,0,0,1,0,0,0,0,0,0,0,0
"320",NA,"ENSG00000274615",38078262,38124770,"chr17",6,0,0,0,0,0,0,0,1,5,0,0,0,0,0,0,0,0,0,0,0,0,0,0,0,0
"321",NA,"ENSG00000274944",38864501,38881617,"chr1",6,0,0,0,0,0,0,0,6,0,0,0,0,0,0,0,0,0,0,0,0,0,0,0,0,0
"322",NA,"ENSG00000275006",38089399,38089500,"chr17",6,0,0,0,0,0,0,0,1,5,0,0,0,0,0,0,0,0,0,0,0,0,0,0,0,0
"323","HMGB1P24","ENSG00000275029",37143607,37144463,"chr17",6,0,1,0,0,0,0,0,1,3,0,0,0,0,0,0,0,1,0,0,0,0,0,0,0,0
"324",NA,"ENSG00000275350",38383838,38384422,"chr1",6,0,0,0,0,0,0,0,6,0,0,0,0,0,0,0,0,0,0,0,0,0,0,0,0,0
"325",NA,"ENSG00000275484",67374416,67374932,"chr11",6,0,1,0,0,0,0,0,1,1,1,0,0,0,0,2,0,0,0,0,0,0,0,0,0,0
"326","MIR548AZ","ENSG00000276479",119325171,119325265,"chr8",6,0,1,0,0,0,0,0,0,4,0,0,0,1,0,0,0,0,0,0,0,0,0,0,0,0
"327",NA,"ENSG00000276810",37162616,37163139,"chr17",6,0,1,0,0,0,0,0,1,3,0,0,0,0,0,0,0,1,0,0,0,0,0,0,0,0
"328",NA,"ENSG00000277168",37953508,37953780,"chr1",6,0,0,0,0,0,0,0,6,0,0,0,0,0,0,0,0,0,0,0,0,0,0,0,0,0
"329","PRNCR1","ENSG00000282961",127079874,127092600,"chr8",6,0,1,0,0,0,0,0,0,3,0,0,0,2,0,0,0,0,0,0,0,0,0,0,0,0
"330","SMBD1P","ENSG00000283426",195701618,195711643,"chr3",6,0,0,0,1,0,0,0,4,0,0,0,0,1,0,0,0,0,0,0,0,0,0,0,0,0
"331","MIR6759","ENSG00000283621",57748618,57748682,"chr12",6,0,0,0,0,0,0,0,0,0,0,0,0,0,0,0,0,0,0,0,0,0,6,0,0,0
"332",NA,"ENSG00000284632",38754216,38815979,"chr1",6,0,0,0,0,0,0,0,6,0,0,0,0,0,0,0,0,0,0,0,0,0,0,0,0,0
"333",NA,"ENSG00000287400",41241772,41338644,"chr1",6,0,0,0,0,0,0,0,6,0,0,0,0,0,0,0,0,0,0,0,0,0,0,0,0,0
"334",NA,"ENSG00000287422",39226670,39238620,"chr1",6,0,0,0,0,0,0,0,6,0,0,0,0,0,0,0,0,0,0,0,0,0,0,0,0,0
"335","KIT","ENSG00000157404",54657918,54740715,"chr4",5,1,0,0,0,0,0,0,1,0,0,0,0,0,0,0,0,0,0,0,0,0,4,0,0,0
"336","LHX1","ENSG00000273706",36936785,36944612,"chr17",5,1,1,0,0,0,0,0,1,3,0,0,0,0,0,0,0,0,0,0,0,0,0,0,0,0
"337","MYCN","ENSG00000134323",15940550,15947007,"chr2",5,1,0,0,0,0,0,0,1,0,0,0,1,0,0,0,0,0,0,0,0,0,3,0,0,0
"338","RSF1","ENSG00000048649",77659996,77821017,"chr11",5,1,1,0,1,0,0,0,1,2,0,0,0,0,0,0,0,0,0,0,0,0,0,0,0,0
"339","TBC1D3","ENSG00000274611",38181659,38192541,"chr17",5,1,0,0,0,0,0,0,1,4,0,0,0,0,0,0,0,0,0,0,0,0,0,0,0,0
"340","WNT3","ENSG00000108379",46762506,46833154,"chr17",5,1,0,0,0,0,0,0,0,5,0,0,0,0,0,0,0,0,0,0,0,0,0,0,0,0
"341","YEATS4","ENSG00000127337",69359710,69390870,"chr12",5,1,0,0,1,0,0,0,0,0,0,0,0,0,1,0,0,0,0,0,0,0,3,0,0,0
"342","ZFAS1","ENSG00000177410",49278178,49299600,"chr20",5,1,0,0,0,0,0,0,0,5,0,0,0,0,0,0,0,0,0,0,0,0,0,0,0,0
"343","BCAT1","ENSG00000060982",24810024,24949101,"chr12",5,0,1,0,0,0,0,0,1,0,0,0,0,0,1,0,0,1,0,0,0,1,0,0,0,0
"344","TAF2","ENSG00000064313",119730774,119832841,"chr8",5,0,1,0,0,0,0,0,0,2,0,0,0,1,0,0,0,0,0,0,1,0,0,0,0,0
"345","CLNS1A","ENSG00000074201",77514936,77637794,"chr11",5,0,1,0,1,0,0,0,1,2,0,0,0,0,0,0,0,0,0,0,0,0,0,0,0,0
"346","AAMDC","ENSG00000087884",77821109,77918432,"chr11",5,0,1,0,1,0,0,0,1,2,0,0,0,0,0,0,0,0,0,0,0,0,0,0,0,0
"347","LYZ","ENSG00000090382",69348381,69354234,"chr12",5,0,0,0,1,0,0,0,0,0,0,0,0,0,1,0,0,0,0,0,0,0,3,0,0,0
"348","ZFAND1","ENSG00000104231",81701334,81732903,"chr8",5,0,0,0,0,0,0,0,2,3,0,0,0,0,0,0,0,0,0,0,0,0,0,0,0,0
"349","SNX16","ENSG00000104497",81799581,81842866,"chr8",5,0,0,0,0,0,0,0,2,3,0,0,0,0,0,0,0,0,0,0,0,0,0,0,0,0
"350","PITPNM1","ENSG00000110697",67491768,67506263,"chr11",5,0,0,0,0,0,0,0,1,1,1,0,0,0,0,2,0,0,0,0,0,0,0,0,0,0
"351","AIP","ENSG00000110711",67483026,67491103,"chr11",5,0,0,0,0,0,0,0,1,1,1,0,0,0,0,2,0,0,0,0,0,0,0,0,0,0
"352","C2CD5","ENSG00000111731",22448583,22544546,"chr12",5,0,1,0,0,0,0,0,1,0,0,0,0,0,1,0,0,1,0,0,0,1,0,0,0,0
"353","C1orf109","ENSG00000116922",37681570,37692249,"chr1",5,0,0,0,0,0,0,0,5,0,0,0,0,0,0,0,0,0,0,0,0,0,0,0,0,0
"354","KCNJ8","ENSG00000121361",21764955,21775600,"chr12",5,0,0,0,0,0,0,0,2,0,0,0,0,0,1,0,0,1,0,0,0,1,0,0,0,0
"355","RASSF8","ENSG00000123094",25959029,26079892,"chr12",5,0,1,0,0,0,0,0,1,0,0,0,0,0,1,0,0,1,0,0,0,1,0,0,0,0
"356","BHLHE41","ENSG00000123095",26120030,26125037,"chr12",5,0,1,0,0,0,0,0,1,0,0,0,0,0,1,0,0,1,0,0,0,1,0,0,0,0
"357","SSPN","ENSG00000123096",26121991,26299290,"chr12",5,0,1,0,0,0,0,0,1,0,0,0,0,0,1,0,0,1,0,0,0,1,0,0,0,0
"358","EDN2","ENSG00000127129",41478775,41484683,"chr1",5,0,0,0,0,0,0,0,5,0,0,0,0,0,0,0,0,0,0,0,0,0,0,0,0,0
"359","KDR","ENSG00000128052",55078481,55125595,"chr4",5,0,0,0,0,0,0,0,1,0,0,0,0,0,0,0,0,0,0,0,0,0,4,0,0,0
"360","ANO1","ENSG00000131620",70078302,70189528,"chr11",5,0,0,0,1,0,0,0,0,0,3,0,0,0,0,1,0,0,0,0,0,0,0,0,0,0
"361","PPFIA1","ENSG00000131626",70270690,70385312,"chr11",5,0,0,1,1,0,0,0,0,0,3,0,0,0,0,0,0,0,0,0,0,0,0,0,0,0
"362","SEC61G","ENSG00000132432",54752250,54759974,"chr7",5,0,0,0,0,0,0,0,2,1,0,0,0,0,0,0,0,0,1,0,0,0,1,0,0,0
"363","IMPA1","ENSG00000133731",81656914,81686331,"chr8",5,0,0,0,0,0,0,0,2,3,0,0,0,0,0,0,0,0,0,0,0,0,0,0,0,0
"364","CDCA8","ENSG00000134690",37692481,37709719,"chr1",5,0,0,0,0,0,0,0,5,0,0,0,0,0,0,0,0,0,0,0,0,0,0,0,0,0
"365","ENPP2","ENSG00000136960",119557086,119673453,"chr8",5,0,1,0,0,0,0,0,0,3,0,0,0,1,0,0,0,0,0,0,0,0,0,0,0,0
"366","DSCC1","ENSG00000136982",119833976,119855894,"chr8",5,0,1,0,0,0,0,0,0,2,0,0,0,1,0,0,0,0,0,0,1,0,0,0,0,0
"367","DERL1","ENSG00000136986",123013170,123042302,"chr8",5,0,1,0,0,0,0,0,0,3,0,0,0,1,0,0,0,0,0,0,0,0,0,0,0,0
"368","CCN3","ENSG00000136999",119416446,119424434,"chr8",5,0,1,0,0,0,0,0,0,3,0,0,0,1,0,0,0,0,0,0,0,0,0,0,0,0
"369","ARRB1","ENSG00000137486",75260122,75351705,"chr11",5,0,0,0,1,0,0,0,0,2,0,0,0,0,0,1,0,0,1,0,0,0,0,0,0,0
"370","PMP2","ENSG00000147588",81440326,81447439,"chr8",5,0,0,0,0,0,0,0,2,3,0,0,0,0,0,0,0,0,0,0,0,0,0,0,0,0
"371","FAM83A","ENSG00000147689",123178960,123210079,"chr8",5,0,1,0,0,0,0,0,0,3,0,0,0,1,0,0,0,0,0,0,0,0,0,0,0,0
"372","KLHL35","ENSG00000149243",75422394,75433203,"chr11",5,0,0,0,1,0,0,0,0,2,0,0,0,0,0,1,0,0,1,0,0,0,0,0,0,0
"373","RPS3","ENSG00000149273",75399515,75422280,"chr11",5,0,0,0,1,0,0,0,0,2,0,0,0,0,0,1,0,0,1,0,0,0,0,0,0,0
"374","DEPTOR","ENSG00000155792",119873717,120050918,"chr8",5,0,1,0,0,0,0,0,0,2,0,0,0,1,0,0,0,0,0,0,1,0,0,0,0,0
"375","RAB11FIP1","ENSG00000156675",37858618,37899497,"chr8",5,0,0,0,0,0,0,0,2,2,0,0,0,0,1,0,0,0,0,0,0,0,0,0,0,0
"376","FBXO32","ENSG00000156804",123497889,123541206,"chr8",5,0,1,0,0,0,0,0,0,3,0,0,0,1,0,0,0,0,0,0,0,0,0,0,0,0
"377","B4GALT5","ENSG00000158470",49632945,49713878,"chr20",5,0,0,0,0,0,0,0,0,5,0,0,0,0,0,0,0,0,0,0,0,0,0,0,0,0
"378","ZC3H12A","ENSG00000163874",37474580,37484377,"chr1",5,0,0,0,0,0,0,0,5,0,0,0,0,0,0,0,0,0,0,0,0,0,0,0,0,0
"379","MEAF6","ENSG00000163875",37489993,37514766,"chr1",5,0,0,0,0,0,0,0,5,0,0,0,0,0,0,0,0,0,0,0,0,0,0,0,0,0
"380","SNIP1","ENSG00000163877",37534449,37554293,"chr1",5,0,0,0,0,0,0,0,5,0,0,0,0,0,0,0,0,0,0,0,0,0,0,0,0,0
"381","DNALI1","ENSG00000163879",37556919,37566857,"chr1",5,0,0,0,0,0,0,0,5,0,0,0,0,0,0,0,0,0,0,0,0,0,0,0,0,0
"382","CHMP4C","ENSG00000164695",81732448,81759515,"chr8",5,0,0,0,0,0,0,0,2,3,0,0,0,0,0,0,0,0,0,0,0,0,0,0,0,0
"383","ZHX1","ENSG00000165156",123248451,123275541,"chr8",5,0,1,0,0,0,0,0,0,3,0,0,0,1,0,0,0,0,0,0,0,0,0,0,0,0
"384","SMCO2","ENSG00000165935",27466810,27502185,"chr12",5,0,1,0,0,0,0,0,2,0,0,0,0,0,1,0,0,0,0,0,0,1,0,0,0,0
"385","FRS2","ENSG00000166225",69470349,69579793,"chr12",5,0,0,0,1,0,0,0,0,0,0,0,0,0,1,0,0,0,0,0,0,0,3,0,0,0
"386","CDK2AP2","ENSG00000167797",67506497,67508649,"chr11",5,0,0,0,0,0,0,0,1,1,1,0,0,0,0,2,0,0,0,0,0,0,0,0,0,0
"387","GOT1L1","ENSG00000169154",37934281,37940124,"chr8",5,0,0,0,0,0,0,0,2,2,0,0,0,0,1,0,0,0,0,0,0,0,0,0,0,0
"388","FABP4","ENSG00000170323",81478419,81483236,"chr8",5,0,0,0,0,0,0,0,2,3,0,0,0,0,0,0,0,0,0,0,0,0,0,0,0,0
"389","CARNS1","ENSG00000172508",67414968,67425607,"chr11",5,0,0,0,0,0,0,0,1,1,1,0,0,0,0,2,0,0,0,0,0,0,0,0,0,0
"390","PPP1CA","ENSG00000172531",67398181,67421183,"chr11",5,0,0,0,0,0,0,0,1,1,1,0,0,0,0,2,0,0,0,0,0,0,0,0,0,0
"391","RAD9A","ENSG00000172613",67317871,67398410,"chr11",5,0,1,0,0,0,0,0,0,1,1,0,0,0,0,2,0,0,0,0,0,0,0,0,0,0
"392","TMEM134","ENSG00000172663",67461710,67469272,"chr11",5,0,0,0,0,0,0,0,1,1,1,0,0,0,0,2,0,0,0,0,0,0,0,0,0,0
"393","CORO1B","ENSG00000172725",67435510,67443821,"chr11",5,0,0,0,0,0,0,0,1,1,1,0,0,0,0,2,0,0,0,0,0,0,0,0,0,0
"394","SSH3","ENSG00000172830",67303478,67312607,"chr11",5,0,1,0,0,0,0,0,0,1,1,0,0,0,0,2,0,0,0,0,0,0,0,0,0,0
"395","ANKRD13D","ENSG00000172932",67289300,67302485,"chr11",5,0,1,0,0,0,0,0,0,1,1,0,0,0,0,2,0,0,0,0,0,0,0,0,0,0
"396","GRK2","ENSG00000173020",67266473,67286556,"chr11",5,0,1,0,0,0,0,0,0,1,1,0,0,0,0,2,0,0,0,0,0,0,0,0,0,0
"397","C11orf86","ENSG00000173237",66975277,66977004,"chr11",5,0,0,0,0,0,0,0,1,1,0,0,0,0,0,2,0,0,1,0,0,0,0,0,0,0
"398","REP15","ENSG00000174236",27696447,27697596,"chr12",5,0,1,0,0,0,0,0,2,0,0,0,0,0,1,0,0,0,0,0,0,1,0,0,0,0
"399","TBC1D10C","ENSG00000175463",67403915,67410089,"chr11",5,0,0,0,0,0,0,0,1,1,1,0,0,0,0,2,0,0,0,0,0,0,0,0,0,0
"400","GPR152","ENSG00000175514",67451301,67452729,"chr11",5,0,0,0,0,0,0,0,1,1,1,0,0,0,0,2,0,0,0,0,0,0,0,0,0,0
"401","CABP4","ENSG00000175544",67452406,67461752,"chr11",5,0,0,0,0,0,0,0,1,1,1,0,0,0,0,2,0,0,0,0,0,0,0,0,0,0
"402","RPS6KB2","ENSG00000175634",67428460,67435401,"chr11",5,0,0,0,0,0,0,0,1,1,1,0,0,0,0,2,0,0,0,0,0,0,0,0,0,0
"403","AQP11","ENSG00000178301",77589391,77610356,"chr11",5,0,1,0,1,0,0,0,1,2,0,0,0,0,0,0,0,0,0,0,0,0,0,0,0,0
"404","ZHX2","ENSG00000178764",122781655,122974510,"chr8",5,0,1,0,0,0,0,0,0,3,0,0,0,1,0,0,0,0,0,0,0,0,0,0,0,0
"405","ADRB3","ENSG00000188778",37962990,37966599,"chr8",5,0,0,0,0,0,0,0,2,2,0,0,0,0,1,0,0,0,0,0,0,0,0,0,0,0
"406","C8orf76","ENSG00000189376",123219967,123241377,"chr8",5,0,1,0,0,0,0,0,0,3,0,0,0,1,0,0,0,0,0,0,0,0,0,0,0,0
"407","FABP12","ENSG00000197416",81524981,81531378,"chr8",5,0,0,0,0,0,0,0,2,3,0,0,0,0,0,0,0,0,0,0,0,0,0,0,0,0
"408","MIR326","ENSG00000199090",75335092,75335186,"chr11",5,0,0,0,1,0,0,0,0,2,0,0,0,0,0,1,0,0,1,0,0,0,0,0,0,0
"409","RNU6-1175P","ENSG00000202070",70075363,70075469,"chr11",5,0,0,0,1,0,0,0,0,0,3,0,0,0,0,1,0,0,0,0,0,0,0,0,0,0
"410","RNU5E-7P","ENSG00000202160",15864935,15865051,"chr2",5,0,0,0,0,0,0,0,1,0,0,0,1,0,0,0,0,0,0,0,0,0,3,0,0,0
"411","RNA5SP277","ENSG00000202356",119891132,119891229,"chr8",5,0,1,0,0,0,0,0,0,2,0,0,0,1,0,0,0,0,0,0,1,0,0,0,0,0
"412","FAM83A-AS1","ENSG00000204949",123196536,123202743,"chr8",5,0,1,0,0,0,0,0,0,3,0,0,0,1,0,0,0,0,0,0,0,0,0,0,0,0
"413","SLC10A5P1","ENSG00000205184",81634357,81635662,"chr8",5,0,0,0,0,0,0,0,2,3,0,0,0,0,0,0,0,0,0,0,0,0,0,0,0,0
"414","FABP9","ENSG00000205186",81458253,81461579,"chr8",5,0,0,0,0,0,0,0,2,3,0,0,0,0,0,0,0,0,0,0,0,0,0,0,0,0
"415",NA,"ENSG00000206816",77691650,77691751,"chr11",5,0,1,0,1,0,0,0,1,2,0,0,0,0,0,0,0,0,0,0,0,0,0,0,0,0
"416","SNORD15A","ENSG00000206941",75400391,75400538,"chr11",5,0,0,0,1,0,0,0,0,2,0,0,0,0,0,1,0,0,1,0,0,0,0,0,0,0
"417",NA,"ENSG00000207196",70705167,70705269,"chr11",5,0,0,0,1,0,0,0,0,1,3,0,0,0,0,0,0,0,0,0,0,0,0,0,0,0
"418","RNU6-636P","ENSG00000207328",37203610,37203716,"chr1",5,0,0,0,0,0,0,0,5,0,0,0,0,0,0,0,0,0,0,0,0,0,0,0,0,0
"419","SNORD15B","ENSG00000207445",75404421,75404566,"chr11",5,0,0,0,1,0,0,0,0,2,0,0,0,0,0,1,0,0,1,0,0,0,0,0,0,0
"420","MIR548AA1","ENSG00000207704",123348034,123348130,"chr8",5,0,1,0,0,0,0,0,0,3,0,0,0,1,0,0,0,0,0,0,0,0,0,0,0,0
"421","SNORD12C","ENSG00000209042",49278940,49279028,"chr20",5,0,0,0,0,0,0,0,0,5,0,0,0,0,0,0,0,0,0,0,0,0,0,0,0,0
"422","RNU1-149P","ENSG00000212172",22195469,22195629,"chr12",5,0,1,0,0,0,0,0,1,0,0,0,0,0,1,0,0,1,0,0,0,1,0,0,0,0
"423","SNORD12","ENSG00000212304",49280683,49280772,"chr20",5,0,0,0,0,0,0,0,0,5,0,0,0,0,0,0,0,0,0,0,0,0,0,0,0,0
"424","RNA5SP354","ENSG00000212549",26373598,26373733,"chr12",5,0,1,0,0,0,0,0,1,0,0,0,0,0,1,0,0,1,0,0,0,1,0,0,0,0
"425","PTPRCAP","ENSG00000213402",67435510,67437682,"chr11",5,0,0,0,0,0,0,0,1,1,1,0,0,0,0,2,0,0,0,0,0,0,0,0,0,0
"426","RPLP1P5","ENSG00000214657",15869939,15870243,"chr2",5,0,0,0,0,0,0,0,1,0,0,0,1,0,0,0,0,0,0,0,0,0,3,0,0,0
"427",NA,"ENSG00000215380",35374265,35374474,"chr11",5,0,1,0,0,0,0,0,2,0,2,0,0,0,0,0,0,0,0,0,0,0,0,0,0,0
"428",NA,"ENSG00000219529",77813319,77813676,"chr11",5,0,1,0,1,0,0,0,1,2,0,0,0,0,0,0,0,0,0,0,0,0,0,0,0,0
"429","MIR548K","ENSG00000221333",70283955,70284070,"chr11",5,0,0,1,1,0,0,0,0,0,3,0,0,0,0,0,0,0,0,0,0,0,0,0,0,0
"430",NA,"ENSG00000221461",123180310,123180525,"chr8",5,0,1,0,0,0,0,0,0,3,0,0,0,1,0,0,0,0,0,0,0,0,0,0,0,0
"431","SNORD12B","ENSG00000222365",49280319,49280409,"chr20",5,0,0,0,0,0,0,0,0,5,0,0,0,0,0,0,0,0,0,0,0,0,0,0,0,0
"432","RNU6-628P","ENSG00000222607",123262843,123262949,"chr8",5,0,1,0,0,0,0,0,0,3,0,0,0,1,0,0,0,0,0,0,0,0,0,0,0,0
"433","RN7SKP262","ENSG00000222950",25779287,25779569,"chr12",5,0,1,0,0,0,0,0,1,0,0,0,0,0,1,0,0,1,0,0,0,1,0,0,0,0
"434","MYCNUT","ENSG00000223850",15920399,15936017,"chr2",5,0,0,0,0,0,0,0,1,0,0,0,1,0,0,0,0,0,0,0,0,0,3,0,0,0
"435",NA,"ENSG00000226041",16202430,16204226,"chr2",5,0,0,0,0,0,0,0,1,0,0,0,1,0,0,0,0,0,0,0,0,0,3,0,0,0
"436","SHANK2-AS1","ENSG00000226627",70626441,70635658,"chr11",5,0,0,0,1,0,0,0,0,1,3,0,0,0,0,0,0,0,0,0,0,0,0,0,0,0
"437",NA,"ENSG00000226764",15997049,16062885,"chr2",5,0,0,0,0,0,0,0,1,0,0,0,1,0,0,0,0,0,0,0,0,0,3,0,0,0
"438","FTH1P16","ENSG00000227376",77734475,77735026,"chr11",5,0,1,0,1,0,0,0,1,2,0,0,0,0,0,0,0,0,0,0,0,0,0,0,0,0
"439",NA,"ENSG00000227416",37782457,37782885,"chr1",5,0,0,0,0,0,0,0,5,0,0,0,0,0,0,0,0,0,0,0,0,0,0,0,0,0
"440","RPS29P6","ENSG00000230451",37330852,37330996,"chr1",5,0,0,0,0,0,0,0,5,0,0,0,0,0,0,0,0,0,0,0,0,0,0,0,0,0
"441","HMGB1P49","ENSG00000230519",27702338,27702906,"chr12",5,0,1,0,0,0,0,0,2,0,0,0,0,0,1,0,0,0,0,0,0,1,0,0,0,0
"442",NA,"ENSG00000230638",41542069,41544310,"chr1",5,0,0,0,0,0,0,0,5,0,0,0,0,0,0,0,0,0,0,0,0,0,0,0,0,0
"443",NA,"ENSG00000230881",41535443,41535868,"chr1",5,0,0,0,0,0,0,0,5,0,0,0,0,0,0,0,0,0,0,0,0,0,0,0,0,0
"444","HNRNPA1P36","ENSG00000231942",81807772,81808726,"chr8",5,0,0,0,0,0,0,0,2,3,0,0,0,0,0,0,0,0,0,0,0,0,0,0,0,0
"445","FTH1P1","ENSG00000232273",37544763,37545294,"chr1",5,0,0,0,0,0,0,0,5,0,0,0,0,0,0,0,0,0,0,0,0,0,0,0,0,0
"446","MYCNOS","ENSG00000233718",15918350,15942249,"chr2",5,0,0,0,0,0,0,0,1,0,0,0,1,0,0,0,0,0,0,0,0,0,3,0,0,0
"447","SEC61G-DT","ENSG00000234707",54759348,54812727,"chr7",5,0,0,0,0,0,0,0,2,1,0,0,0,0,0,0,0,0,1,0,0,0,1,0,0,0
"448","CDK5P1","ENSG00000235165",122769274,122770150,"chr8",5,0,1,0,0,0,0,0,0,3,0,0,0,1,0,0,0,0,0,0,0,0,0,0,0,0
"449","SHANK2-AS2","ENSG00000236262",70646165,70647562,"chr11",5,0,0,0,1,0,0,0,0,1,3,0,0,0,0,0,0,0,0,0,0,0,0,0,0,0
"450","GACAT3","ENSG00000236289",16013928,16087201,"chr2",5,0,0,0,0,0,0,0,1,0,0,0,1,0,0,0,0,0,0,0,0,0,3,0,0,0
"451",NA,"ENSG00000236989",16085222,16105841,"chr2",5,0,0,0,0,0,0,0,1,0,0,0,1,0,0,0,0,0,0,0,0,0,3,0,0,0
"452","FTH1P11","ENSG00000237264",81521682,81522232,"chr8",5,0,0,0,0,0,0,0,2,3,0,0,0,0,0,0,0,0,0,0,0,0,0,0,0,0
"453",NA,"ENSG00000237326",15801747,15810877,"chr2",5,0,0,0,0,0,0,0,1,0,0,0,1,0,0,0,0,0,0,0,0,0,3,0,0,0
"454",NA,"ENSG00000237749",37556247,37556499,"chr1",5,0,0,0,0,0,0,0,5,0,0,0,0,0,0,0,0,0,0,0,0,0,0,0,0,0
"455",NA,"ENSG00000238371",15903669,15903772,"chr2",5,0,0,0,0,0,0,0,1,0,0,0,1,0,0,0,0,0,0,0,0,0,3,0,0,0
"456","RNU7-59P","ENSG00000238880",77566934,77566994,"chr11",5,0,1,0,1,0,0,0,1,2,0,0,0,0,0,0,0,0,0,0,0,0,0,0,0,0
"457",NA,"ENSG00000238901",122671291,122671394,"chr8",5,0,1,0,0,0,0,0,0,3,0,0,0,1,0,0,0,0,0,0,0,0,0,0,0,0
"458","RPS26P34","ENSG00000240427",81627269,81627617,"chr8",5,0,0,0,0,0,0,0,2,3,0,0,0,0,0,0,0,0,0,0,0,0,0,0,0,0
"459","RN7SL709P","ENSG00000241032",37908738,37909037,"chr8",5,0,0,0,0,0,0,0,2,2,0,0,0,0,1,0,0,0,0,0,0,0,0,0,0,0
"460","RPS26P45","ENSG00000241765",69422656,69422995,"chr12",5,0,0,0,1,0,0,0,0,0,0,0,0,0,1,0,0,0,0,0,0,0,3,0,0,0
"461",NA,"ENSG00000241782",77868722,77869195,"chr11",5,0,1,0,1,0,0,0,1,2,0,0,0,0,0,0,0,0,0,0,0,0,0,0,0,0
"462","RPS26P35","ENSG00000242206",118761856,118762201,"chr8",5,0,1,0,0,0,0,0,0,3,0,0,0,1,0,0,0,0,0,0,0,0,0,0,0,0
"463","UBA52P5","ENSG00000243498",123236852,123237062,"chr8",5,0,1,0,0,0,0,0,0,3,0,0,0,1,0,0,0,0,0,0,0,0,0,0,0,0
"464",NA,"ENSG00000243503",36987977,36988412,"chr8",5,0,0,0,0,0,0,0,2,2,0,0,0,0,1,0,0,0,0,0,0,0,0,0,0,0
"465","RN7SL104P","ENSG00000243541",15950689,15950981,"chr2",5,0,0,0,0,0,0,0,1,0,0,0,1,0,0,0,0,0,0,0,0,0,3,0,0,0
"466","RN7SL424P","ENSG00000244034",55063738,55064026,"chr4",5,0,0,0,0,0,0,0,1,0,0,0,0,0,0,0,0,0,0,0,0,0,4,0,0,0
"467","RPL38P3","ENSG00000244422",54976159,54976371,"chr4",5,0,0,0,0,0,0,0,1,0,0,0,0,0,0,0,0,0,0,0,0,0,4,0,0,0
"468","RN7SL396P","ENSG00000244642",119862662,119862956,"chr8",5,0,1,0,0,0,0,0,0,2,0,0,0,1,0,0,0,0,0,0,1,0,0,0,0,0
"469",NA,"ENSG00000244662",24642687,24643166,"chr12",5,0,1,0,0,0,0,0,1,0,0,0,0,0,1,0,0,1,0,0,0,1,0,0,0,0
"470",NA,"ENSG00000245330",119867419,119874488,"chr8",5,0,1,0,0,0,0,0,0,2,0,0,0,1,0,0,0,0,0,0,1,0,0,0,0,0
"471","RASSF8-AS1","ENSG00000246695",25936683,25959765,"chr12",5,0,1,0,0,0,0,0,1,0,0,0,0,0,1,0,0,1,0,0,0,1,0,0,0,0
"472",NA,"ENSG00000248100",27547050,27552773,"chr12",5,0,1,0,0,0,0,0,2,0,0,0,0,0,1,0,0,0,0,0,0,1,0,0,0,0
"473",NA,"ENSG00000248317",54943626,54957832,"chr4",5,0,0,0,0,0,0,0,1,0,0,0,0,0,0,0,0,0,0,0,0,0,4,0,0,0
"474","LINC02753","ENSG00000248844",70056230,70065371,"chr11",5,0,0,0,1,0,0,0,0,0,3,0,0,0,0,1,0,0,0,0,0,0,0,0,0,0
"475",NA,"ENSG00000249727",54836041,54845470,"chr4",5,0,0,0,0,0,0,0,1,0,0,0,0,0,0,0,0,0,0,0,0,0,4,0,0,0
"476","LINC00964","ENSG00000249816",124823702,124962531,"chr8",5,0,0,0,0,0,0,0,2,2,0,0,0,1,0,0,0,0,0,0,0,0,0,0,0,0
"477","MRS2P1","ENSG00000250428",124920428,124922076,"chr8",5,0,0,0,0,0,0,0,2,2,0,0,0,1,0,0,0,0,0,0,0,0,0,0,0,0
"478","LINC02260","ENSG00000250456",54603211,54607131,"chr4",5,0,0,0,0,0,0,0,1,0,0,0,0,0,0,0,0,0,0,0,0,0,4,0,0,0
"479",NA,"ENSG00000250646",55053060,55092534,"chr4",5,0,0,0,0,0,0,0,1,0,0,0,0,0,0,0,0,0,0,0,0,0,4,0,0,0
"480","LINC02358","ENSG00000251256",54845568,54859241,"chr4",5,0,0,0,0,0,0,0,1,0,0,0,0,0,0,0,0,0,0,0,0,0,4,0,0,0
"481","IMPA1P1","ENSG00000251521",81605569,81631134,"chr8",5,0,0,0,0,0,0,0,2,3,0,0,0,0,0,0,0,0,0,0,0,0,0,0,0,0
"482",NA,"ENSG00000251704",16199203,16199295,"chr2",5,0,0,0,0,0,0,0,1,0,0,0,1,0,0,0,0,0,0,0,0,0,3,0,0,0
"483","MIR1343","ENSG00000251862",34941837,34941920,"chr11",5,0,1,0,0,0,0,0,2,0,2,0,0,0,0,0,0,0,0,0,0,0,0,0,0,0
"484","RNU6-875P","ENSG00000252297",123342414,123342519,"chr8",5,0,1,0,0,0,0,0,0,3,0,0,0,1,0,0,0,0,0,0,0,0,0,0,0,0
"485","RNA5SP43","ENSG00000252368",37264677,37264786,"chr1",5,0,0,0,0,0,0,0,5,0,0,0,0,0,0,0,0,0,0,0,0,0,0,0,0,0
"486","RNU6-410P","ENSG00000252815",55031965,55032071,"chr4",5,0,0,0,0,0,0,0,1,0,0,0,0,0,0,0,0,0,0,0,0,0,4,0,0,0
"487",NA,"ENSG00000253258",123181638,123182788,"chr8",5,0,1,0,0,0,0,0,0,3,0,0,0,1,0,0,0,0,0,0,0,0,0,0,0,0
"488",NA,"ENSG00000253334",81791823,81815714,"chr8",5,0,0,0,0,0,0,0,2,3,0,0,0,0,0,0,0,0,0,0,0,0,0,0,0,0
"489",NA,"ENSG00000253336",123288355,123290503,"chr8",5,0,1,0,0,0,0,0,0,3,0,0,0,1,0,0,0,0,0,0,0,0,0,0,0,0
"490",NA,"ENSG00000253372",122807746,122816517,"chr8",5,0,1,0,0,0,0,0,0,3,0,0,0,1,0,0,0,0,0,0,0,0,0,0,0,0
"491",NA,"ENSG00000253374",81521618,81533275,"chr8",5,0,0,0,0,0,0,0,2,3,0,0,0,0,0,0,0,0,0,0,0,0,0,0,0,0
"492",NA,"ENSG00000253398",119419910,119462350,"chr8",5,0,1,0,0,0,0,0,0,3,0,0,0,1,0,0,0,0,0,0,0,0,0,0,0,0
"493",NA,"ENSG00000253410",123192875,123192932,"chr8",5,0,1,0,0,0,0,0,0,3,0,0,0,1,0,0,0,0,0,0,0,0,0,0,0,0
"494","HMGB1P19","ENSG00000253463",123123106,123123682,"chr8",5,0,1,0,0,0,0,0,0,3,0,0,0,1,0,0,0,0,0,0,0,0,0,0,0,0
"495","SLC10A5","ENSG00000253598",81693631,81695058,"chr8",5,0,0,0,0,0,0,0,2,3,0,0,0,0,0,0,0,0,0,0,0,0,0,0,0,0
"496",NA,"ENSG00000253607",123002560,123030751,"chr8",5,0,1,0,0,0,0,0,0,3,0,0,0,1,0,0,0,0,0,0,0,0,0,0,0,0
"497","LINC01151","ENSG00000253819",122485194,122733804,"chr8",5,0,1,0,0,0,0,0,0,3,0,0,0,1,0,0,0,0,0,0,0,0,0,0,0,0
"498",NA,"ENSG00000253859",81439436,81521818,"chr8",5,0,0,0,0,0,0,0,2,3,0,0,0,0,0,0,0,0,0,0,0,0,0,0,0,0
"499",NA,"ENSG00000254037",119480279,119480775,"chr8",5,0,1,0,0,0,0,0,0,3,0,0,0,1,0,0,0,0,0,0,0,0,0,0,0,0
"500","NIPA2P4","ENSG00000254151",81617220,81618560,"chr8",5,0,0,0,0,0,0,0,2,3,0,0,0,0,0,0,0,0,0,0,0,0,0,0,0,0
"501",NA,"ENSG00000254303",121954640,122127184,"chr8",5,0,1,0,0,0,0,0,0,3,0,0,0,1,0,0,0,0,0,0,0,0,0,0,0,0
"502","DUTP2","ENSG00000254388",123352181,123352643,"chr8",5,0,1,0,0,0,0,0,0,3,0,0,0,1,0,0,0,0,0,0,0,0,0,0,0,0
"503","LINC02584","ENSG00000254417",70072434,70075433,"chr11",5,0,0,0,1,0,0,0,0,0,3,0,0,0,0,1,0,0,0,0,0,0,0,0,0,0
"504",NA,"ENSG00000254429",75260127,75261025,"chr11",5,0,0,0,1,0,0,0,0,2,0,0,0,0,0,1,0,0,1,0,0,0,0,0,0,0
"505",NA,"ENSG00000254459",77829654,77872262,"chr11",5,0,1,0,1,0,0,0,1,2,0,0,0,0,0,0,0,0,0,0,0,0,0,0,0,0
"506",NA,"ENSG00000254484",70319928,70321415,"chr11",5,0,0,1,1,0,0,0,0,0,3,0,0,0,0,0,0,0,0,0,0,0,0,0,0,0
"507",NA,"ENSG00000254495",70358198,70358677,"chr11",5,0,0,1,1,0,0,0,0,0,3,0,0,0,0,0,0,0,0,0,0,0,0,0,0,0
"508",NA,"ENSG00000254604",70282367,70363368,"chr11",5,0,0,1,1,0,0,0,0,0,3,0,0,0,0,0,0,0,0,0,0,0,0,0,0,0
"509",NA,"ENSG00000254605",70014858,70021059,"chr11",5,0,0,0,1,0,0,0,0,0,3,0,0,0,0,1,0,0,0,0,0,0,0,0,0,0
"510","LINC02235","ENSG00000254689",81841952,81924348,"chr8",5,0,0,0,0,0,0,0,2,3,0,0,0,0,0,0,0,0,0,0,0,0,0,0,0,0
"511",NA,"ENSG00000254691",77850604,77851511,"chr11",5,0,1,0,1,0,0,0,1,2,0,0,0,0,0,0,0,0,0,0,0,0,0,0,0,0
"512",NA,"ENSG00000254963",75264289,75265170,"chr11",5,0,0,0,1,0,0,0,0,2,0,0,0,0,0,1,0,0,1,0,0,0,0,0,0,0
"513","RSF1-IT2","ENSG00000254985",77717712,77718411,"chr11",5,0,1,0,1,0,0,0,1,2,0,0,0,0,0,0,0,0,0,0,0,0,0,0,0,0
"514","SLC1A2-AS1","ENSG00000255004",35281813,35286009,"chr11",5,0,1,0,0,0,0,0,2,0,2,0,0,0,0,0,0,0,0,0,0,0,0,0,0,0
"515",NA,"ENSG00000255115",77914990,77915275,"chr11",5,0,1,0,1,0,0,0,1,2,0,0,0,0,0,0,0,0,0,0,0,0,0,0,0,0
"516",NA,"ENSG00000255136",75206048,75241173,"chr11",5,0,0,0,1,0,0,0,0,2,0,0,0,0,0,1,0,0,1,0,0,0,0,0,0,0
"517",NA,"ENSG00000255143",70129297,70149623,"chr11",5,0,0,0,1,0,0,0,0,0,3,0,0,0,0,1,0,0,0,0,0,0,0,0,0,0
"518",NA,"ENSG00000255313",124936328,124943765,"chr8",5,0,0,0,0,0,0,0,2,2,0,0,0,1,0,0,0,0,0,0,0,0,0,0,0,0
"519",NA,"ENSG00000255325",122485515,122489815,"chr8",5,0,1,0,0,0,0,0,0,3,0,0,0,1,0,0,0,0,0,0,0,0,0,0,0,0
"520","H2AZP4","ENSG00000255329",70278921,70279297,"chr11",5,0,0,1,1,0,0,0,0,0,3,0,0,0,0,0,0,0,0,0,0,0,0,0,0,0
"521","SMILR","ENSG00000255364",122414332,122428551,"chr8",5,0,1,0,0,0,0,0,0,3,0,0,0,1,0,0,0,0,0,0,0,0,0,0,0,0
"522","RSF1-IT1","ENSG00000255409",77738680,77739568,"chr11",5,0,1,0,1,0,0,0,1,2,0,0,0,0,0,0,0,0,0,0,0,0,0,0,0,0
"523",NA,"ENSG00000255449",77866412,77870091,"chr11",5,0,1,0,1,0,0,0,1,2,0,0,0,0,0,0,0,0,0,0,0,0,0,0,0,0
"524",NA,"ENSG00000255491",124811042,124857516,"chr8",5,0,0,0,0,0,0,0,2,2,0,0,0,1,0,0,0,0,0,0,0,0,0,0,0,0
"525",NA,"ENSG00000255539",70324871,70327209,"chr11",5,0,0,1,1,0,0,0,0,0,3,0,0,0,0,0,0,0,0,0,0,0,0,0,0,0
"526",NA,"ENSG00000255644",21759980,21766705,"chr12",5,0,0,0,0,0,0,0,2,0,0,0,0,0,1,0,0,1,0,0,0,1,0,0,0,0
"527","TDGP1","ENSG00000255725",25803298,25804526,"chr12",5,0,1,0,0,0,0,0,1,0,0,0,0,0,1,0,0,1,0,0,0,1,0,0,0,0
"528",NA,"ENSG00000255750",26229548,26319720,"chr12",5,0,1,0,0,0,0,0,1,0,0,0,0,0,1,0,0,1,0,0,0,1,0,0,0,0
"529",NA,"ENSG00000255858",26301098,26304645,"chr12",5,0,1,0,0,0,0,0,1,0,0,0,0,0,1,0,0,1,0,0,0,1,0,0,0,0
"530","RPS6KB2-AS1","ENSG00000255949",67431367,67435399,"chr11",5,0,0,0,0,0,0,0,1,1,1,0,0,0,0,2,0,0,0,0,0,0,0,0,0,0
"531",NA,"ENSG00000255968",26318953,26421462,"chr12",5,0,1,0,0,0,0,0,1,0,0,0,0,0,1,0,0,1,0,0,0,1,0,0,0,0
"532",NA,"ENSG00000256056",27592461,27594039,"chr12",5,0,1,0,0,0,0,0,2,0,0,0,0,0,1,0,0,0,0,0,0,1,0,0,0,0
"533",NA,"ENSG00000256185",26335864,26336950,"chr12",5,0,1,0,0,0,0,0,1,0,0,0,0,0,1,0,0,1,0,0,0,1,0,0,0,0
"534",NA,"ENSG00000256234",26211164,26335856,"chr12",5,0,1,0,0,0,0,0,1,0,0,0,0,0,1,0,0,1,0,0,0,1,0,0,0,0
"535",NA,"ENSG00000256256",25882955,25885855,"chr12",5,0,1,0,0,0,0,0,1,0,0,0,0,0,1,0,0,1,0,0,0,1,0,0,0,0
"536","LRRC34P1","ENSG00000256371",22573425,22575105,"chr12",5,0,1,0,0,0,0,0,1,0,0,0,0,0,1,0,0,1,0,0,0,1,0,0,0,0
"537",NA,"ENSG00000256377",27696388,27710803,"chr12",5,0,1,0,0,0,0,0,2,0,0,0,0,0,1,0,0,0,0,0,0,1,0,0,0,0
"538",NA,"ENSG00000256440",25831416,25834182,"chr12",5,0,1,0,0,0,0,0,1,0,0,0,0,0,1,0,0,1,0,0,0,1,0,0,0,0
"539",NA,"ENSG00000256504",27704568,27708365,"chr12",5,0,1,0,0,0,0,0,2,0,0,0,0,0,1,0,0,0,0,0,0,1,0,0,0,0
"540",NA,"ENSG00000256557",27608733,27609046,"chr12",5,0,1,0,0,0,0,0,2,0,0,0,0,0,1,0,0,0,0,0,0,1,0,0,0,0
"541",NA,"ENSG00000256686",25782706,25814171,"chr12",5,0,1,0,0,0,0,0,1,0,0,0,0,0,1,0,0,1,0,0,0,1,0,0,0,0
"542",NA,"ENSG00000256714",22395088,22398075,"chr12",5,0,1,0,0,0,0,0,1,0,0,0,0,0,1,0,0,1,0,0,0,1,0,0,0,0
"543",NA,"ENSG00000256894",26125155,26126617,"chr12",5,0,1,0,0,0,0,0,1,0,0,0,0,0,1,0,0,1,0,0,0,1,0,0,0,0
"544",NA,"ENSG00000256973",22460519,22463914,"chr12",5,0,1,0,0,0,0,0,1,0,0,0,0,0,1,0,0,1,0,0,0,1,0,0,0,0
"545","RARS1P1","ENSG00000257037",27496937,27498589,"chr12",5,0,1,0,0,0,0,0,2,0,0,0,0,0,1,0,0,0,0,0,0,1,0,0,0,0
"546","LINC02373","ENSG00000257507",69449470,69460724,"chr12",5,0,0,0,1,0,0,0,0,0,0,0,0,0,1,0,0,0,0,0,0,0,3,0,0,0
"547",NA,"ENSG00000257764",69353493,69354225,"chr12",5,0,0,0,1,0,0,0,0,0,0,0,0,0,1,0,0,0,0,0,0,0,3,0,0,0
"548","C1GALT1P1","ENSG00000257818",69284397,69285485,"chr12",5,0,0,0,0,0,0,0,0,0,0,0,0,0,1,0,0,0,0,0,0,0,4,0,0,0
"549",NA,"ENSG00000258140",69212108,69224242,"chr12",5,0,0,0,0,0,0,0,0,0,0,0,0,0,1,0,0,0,0,0,0,0,4,0,0,0
"550","ZHX1-C8orf76","ENSG00000259305",123226189,123274284,"chr8",5,0,1,0,0,0,0,0,0,3,0,0,0,1,0,0,0,0,0,0,0,0,0,0,0,0
"551",NA,"ENSG00000259631",122977026,122985629,"chr8",5,0,1,0,0,0,0,0,0,3,0,0,0,1,0,0,0,0,0,0,0,0,0,0,0,0
"552",NA,"ENSG00000260348",69909184,69910994,"chr11",5,0,0,0,1,0,0,0,0,0,2,0,0,0,0,1,0,0,1,0,0,0,0,0,0,0
"553",NA,"ENSG00000260679",69921638,69926813,"chr11",5,0,0,0,1,0,0,0,0,0,2,0,0,0,0,1,0,0,1,0,0,0,0,0,0,0
"554",NA,"ENSG00000263443",122700269,122703423,"chr8",5,0,1,0,0,0,0,0,0,3,0,0,0,1,0,0,0,0,0,0,0,0,0,0,0,0
"555","MIR5581","ENSG00000263675",37500935,37500994,"chr1",5,0,0,0,0,0,0,0,5,0,0,0,0,0,0,0,0,0,0,0,0,0,0,0,0,0
"556","MIR4662B","ENSG00000263735",124821978,124822058,"chr8",5,0,0,0,0,0,0,0,2,2,0,0,0,1,0,0,0,0,0,0,0,0,0,0,0,0
"557","MIR3913-1","ENSG00000264405",69584722,69584823,"chr12",5,0,0,0,1,0,0,0,0,0,0,0,0,0,1,0,0,0,0,0,0,0,3,0,0,0
"558","RN7SL804P","ENSG00000266185",69400903,69401200,"chr12",5,0,0,0,1,0,0,0,0,0,0,0,0,0,1,0,0,0,0,0,0,0,3,0,0,0
"559","MIR4663","ENSG00000266324",123215788,123215863,"chr8",5,0,1,0,0,0,0,0,0,3,0,0,0,1,0,0,0,0,0,0,0,0,0,0,0,0
"560",NA,"ENSG00000267760",30665274,30668647,"chr19",5,0,1,0,1,0,0,0,0,3,0,0,0,0,0,0,0,0,0,0,0,0,0,0,0,0
"561",NA,"ENSG00000268635",77473371,77477030,"chr11",5,0,1,0,1,0,0,0,1,2,0,0,0,0,0,0,0,0,0,0,0,0,0,0,0,0
"562","RPL12P48","ENSG00000270865",37983070,37983373,"chr8",5,0,0,0,0,0,0,0,2,2,0,0,0,0,1,0,0,0,0,0,0,0,0,0,0,0
"563",NA,"ENSG00000271219",121113358,121113919,"chr8",5,0,1,0,0,0,0,0,0,3,0,0,0,1,0,0,0,0,0,0,0,0,0,0,0,0
"564",NA,"ENSG00000271315",16149251,16149394,"chr2",5,0,0,0,0,0,0,0,1,0,0,0,1,0,0,0,0,0,0,0,0,0,3,0,0,0
"565",NA,"ENSG00000272043",122780760,122781071,"chr8",5,0,1,0,0,0,0,0,0,3,0,0,0,1,0,0,0,0,0,0,0,0,0,0,0,0
"566",NA,"ENSG00000272384",122779971,122780830,"chr8",5,0,1,0,0,0,0,0,0,3,0,0,0,1,0,0,0,0,0,0,0,0,0,0,0,0
"567",NA,"ENSG00000274760",49279116,49279208,"chr20",5,0,0,0,0,0,0,0,0,5,0,0,0,0,0,0,0,0,0,0,0,0,0,0,0,0
"568",NA,"ENSG00000274979",69326574,69331882,"chr12",5,0,0,0,1,0,0,0,0,0,0,0,0,0,1,0,0,0,0,0,0,0,3,0,0,0
"569",NA,"ENSG00000275567",21828360,21828564,"chr12",5,0,0,0,0,0,0,0,2,0,0,0,0,0,1,0,0,1,0,0,0,1,0,0,0,0
"570","MIR6796","ENSG00000275652",40369846,40369907,"chr19",5,0,0,0,1,0,0,0,1,1,0,0,0,0,1,0,0,1,0,0,0,0,0,0,0,0
"571","RN7SL197P","ENSG00000276031",49721949,49722247,"chr20",5,0,0,0,0,0,0,0,0,5,0,0,0,0,0,0,0,0,0,0,0,0,0,0,0,0
"572",NA,"ENSG00000276261",27700066,27700574,"chr12",5,0,1,0,0,0,0,0,2,0,0,0,0,0,1,0,0,0,0,0,0,1,0,0,0,0
"573","MIR2909","ENSG00000276326",37033745,37033813,"chr17",5,0,1,0,0,0,0,0,1,3,0,0,0,0,0,0,0,0,0,0,0,0,0,0,0,0
"574",NA,"ENSG00000276707",36940049,36943456,"chr17",5,0,1,0,0,0,0,0,1,3,0,0,0,0,0,0,0,0,0,0,0,0,0,0,0,0
"575","MIR6752","ENSG00000276769",67490245,67490315,"chr11",5,0,0,0,0,0,0,0,1,1,1,0,0,0,0,2,0,0,0,0,0,0,0,0,0,0
"576",NA,"ENSG00000277579",37034668,37043252,"chr17",5,0,1,0,0,0,0,0,1,3,0,0,0,0,0,0,0,0,0,0,0,0,0,0,0,0
"577",NA,"ENSG00000277589",36998598,37000034,"chr17",5,0,1,0,0,0,0,0,1,3,0,0,0,0,0,0,0,0,0,0,0,0,0,0,0,0
"578",NA,"ENSG00000277830",49278427,49278624,"chr20",5,0,0,0,0,0,0,0,0,5,0,0,0,0,0,0,0,0,0,0,0,0,0,0,0,0
"579",NA,"ENSG00000277911",36980167,36980422,"chr17",5,0,1,0,0,0,0,0,1,3,0,0,0,0,0,0,0,0,0,0,0,0,0,0,0,0
"580",NA,"ENSG00000277967",49280485,49280571,"chr20",5,0,0,0,0,0,0,0,0,5,0,0,0,0,0,0,0,0,0,0,0,0,0,0,0,0
"581",NA,"ENSG00000278095",26273329,26273900,"chr12",5,0,1,0,0,0,0,0,1,0,0,0,0,0,1,0,0,1,0,0,0,1,0,0,0,0
"582","ACACA","ENSG00000278540",37084992,37406836,"chr17",5,0,1,0,0,0,0,0,1,3,0,0,0,0,0,0,0,0,0,0,0,0,0,0,0,0
"583",NA,"ENSG00000278638",37045228,37052890,"chr17",5,0,1,0,0,0,0,0,1,3,0,0,0,0,0,0,0,0,0,0,0,0,0,0,0,0
"584",NA,"ENSG00000279117",75260129,75262466,"chr11",5,0,0,0,1,0,0,0,0,2,0,0,0,0,0,1,0,0,1,0,0,0,0,0,0,0
"585",NA,"ENSG00000279347",119838736,119840385,"chr8",5,0,1,0,0,0,0,0,0,2,0,0,0,1,0,0,0,0,0,0,1,0,0,0,0,0
"586",NA,"ENSG00000279459",70603304,70604859,"chr11",5,0,0,0,1,0,0,0,0,1,3,0,0,0,0,0,0,0,0,0,0,0,0,0,0,0
"587",NA,"ENSG00000280061",30553956,30558058,"chr19",5,0,1,0,1,0,0,0,0,3,0,0,0,0,0,0,0,0,0,0,0,0,0,0,0,0
"588",NA,"ENSG00000280064",37858949,37861333,"chr8",5,0,0,0,0,0,0,0,2,2,0,0,0,0,1,0,0,0,0,0,0,0,0,0,0,0
"589",NA,"ENSG00000280089",70705605,70706068,"chr11",5,0,0,0,1,0,0,0,0,1,3,0,0,0,0,0,0,0,0,0,0,0,0,0,0,0
"590",NA,"ENSG00000280193",81696368,81698694,"chr8",5,0,0,0,0,0,0,0,2,3,0,0,0,0,0,0,0,0,0,0,0,0,0,0,0,0
"591","MIR548D1","ENSG00000283172",123348034,123348130,"chr8",5,0,1,0,0,0,0,0,0,3,0,0,0,1,0,0,0,0,0,0,0,0,0,0,0,0
"592","MIR1279","ENSG00000283476",69273157,69273218,"chr12",5,0,0,0,0,0,0,0,0,0,0,0,0,0,1,0,0,0,0,0,0,0,4,0,0,0
"593","MIR4302","ENSG00000283603",25874020,25874079,"chr12",5,0,1,0,0,0,0,0,1,0,0,0,0,0,1,0,0,1,0,0,0,1,0,0,0,0
"594","MIR4662A","ENSG00000283609",124821985,124822051,"chr8",5,0,0,0,0,0,0,0,2,2,0,0,0,1,0,0,0,0,0,0,0,0,0,0,0,0
"595","MIR3913-2","ENSG00000283677",69584723,69584822,"chr12",5,0,0,0,1,0,0,0,0,0,0,0,0,0,1,0,0,0,0,0,0,0,3,0,0,0
"596","MIR6732","ENSG00000283724",37480230,37480289,"chr1",5,0,0,0,0,0,0,0,5,0,0,0,0,0,0,0,0,0,0,0,0,0,0,0,0,0
"597",NA,"ENSG00000285880",37934340,37965953,"chr8",5,0,0,0,0,0,0,0,2,2,0,0,0,0,1,0,0,0,0,0,0,0,0,0,0,0
"598",NA,"ENSG00000286282",119350291,119416947,"chr8",5,0,1,0,0,0,0,0,0,3,0,0,0,1,0,0,0,0,0,0,0,0,0,0,0,0
"599",NA,"ENSG00000286362",119832875,119855509,"chr8",5,0,1,0,0,0,0,0,0,2,0,0,0,1,0,0,0,0,0,0,1,0,0,0,0,0
"600",NA,"ENSG00000286404",54721724,54731047,"chr7",5,0,0,0,0,0,0,0,2,1,0,0,0,0,0,0,0,0,1,0,0,0,1,0,0,0
"601",NA,"ENSG00000286752",26139249,26167741,"chr12",5,0,1,0,0,0,0,0,1,0,0,0,0,0,1,0,0,1,0,0,0,1,0,0,0,0
"602",NA,"ENSG00000286955",124940041,124941909,"chr8",5,0,0,0,0,0,0,0,2,2,0,0,0,1,0,0,0,0,0,0,0,0,0,0,0,0
"603",NA,"ENSG00000287060",55157877,55161880,"chr4",5,0,0,0,0,0,0,0,1,0,0,0,0,0,0,0,0,0,0,0,0,0,4,0,0,0
"604",NA,"ENSG00000287657",123157729,123165173,"chr8",5,0,1,0,0,0,0,0,0,3,0,0,0,1,0,0,0,0,0,0,0,0,0,0,0,0
"605",NA,"ENSG00000287851",67316539,67317431,"chr11",5,0,1,0,0,0,0,0,0,1,1,0,0,0,0,2,0,0,0,0,0,0,0,0,0,0
"606",NA,"ENSG00000287934",67252336,67261545,"chr11",5,0,1,0,0,0,0,0,0,1,1,0,0,0,0,2,0,0,0,0,0,0,0,0,0,0
"607",NA,"ENSG00000288525",54676217,54677369,"chr7",5,0,0,0,0,0,0,0,2,1,0,0,0,0,0,0,0,0,1,0,0,0,1,0,0,0
"608",NA,"ENSG00000288532",26315715,26317813,"chr12",5,0,1,0,0,0,0,0,1,0,0,0,0,0,1,0,0,1,0,0,0,1,0,0,0,0
"609","CTTN","ENSG00000085733",70398404,70436584,"chr11",4,1,0,0,1,0,0,0,0,0,3,0,0,0,0,0,0,0,0,0,0,0,0,0,0,0
"610","DDHD2","ENSG00000085788",38225218,38275558,"chr8",4,1,0,0,0,0,0,0,2,1,0,0,0,0,1,0,0,0,0,0,0,0,0,0,0,0
"611","FGF3","ENSG00000186895",69809968,69819416,"chr11",4,1,0,0,1,0,0,0,0,0,2,0,0,0,0,0,0,0,1,0,0,0,0,0,0,0
"612","INTS4","ENSG00000149262",77878720,77994671,"chr11",4,1,0,0,1,0,0,0,1,2,0,0,0,0,0,0,0,0,0,0,0,0,0,0,0,0
"613","KDM2A","ENSG00000173120",67119263,67258082,"chr11",4,1,1,0,0,0,0,0,0,1,0,0,0,0,0,2,0,0,0,0,0,0,0,0,0,0
"614","LDHB","ENSG00000111716",21635342,21757857,"chr12",4,1,0,0,0,0,0,0,2,0,0,0,0,0,1,0,0,0,0,0,0,1,0,0,0,0
"615","LSM1","ENSG00000175324",38163335,38176730,"chr8",4,1,0,0,0,0,0,0,2,1,0,0,0,0,1,0,0,0,0,0,0,0,0,0,0,0
"616","NSD3","ENSG00000147548",38269704,38382272,"chr8",4,1,0,0,0,0,0,0,2,1,0,0,0,0,1,0,0,0,0,0,0,0,0,0,0,0
"617","PAK1","ENSG00000149269",77322017,77474635,"chr11",4,1,0,0,1,0,0,0,1,2,0,0,0,0,0,0,0,0,0,0,0,0,0,0,0,0
"618","PCAT1","ENSG00000253438",126556323,127419050,"chr8",4,1,1,0,0,0,0,0,0,2,0,0,0,1,0,0,0,0,0,0,0,0,0,0,0,0
"619","SALL4","ENSG00000101115",51782331,51802521,"chr20",4,1,0,0,0,0,0,0,0,4,0,0,0,0,0,0,0,0,0,0,0,0,0,0,0,0
"620","SEC62","ENSG00000008952",169966635,169998373,"chr3",4,1,0,0,1,0,0,0,2,0,0,0,0,0,0,0,0,1,0,0,0,0,0,0,0,0
"621","SNAI1","ENSG00000124216",49982980,49988886,"chr20",4,1,0,0,0,0,0,0,0,4,0,0,0,0,0,0,0,0,0,0,0,0,0,0,0,0
