"hgnc_symbol","ensembl_gene_id","start_position","end_position","chromosome_name","STOMACH","URINARY","OVARY","KIDNEY","THYROID","HAEMATOPOIETIC","LUNG","BREAST","UPPER","CENTRAL","AUTONOMIC","LARGE","PANCREAS","LIVER","SKIN","ENDOMETRIUM","OESOPHAGUS","PLEURA","PROSTATE","SOFT","GLIOBLASTOMA","BLOOD","MEDULLOBLASTOMA","COLON","length"
"ABL1","ENSG00000097007",130713016,130887675,"chr9",0,0,0,0,0,0,0,0,0,0,0,0,0,0,0,0,0,0,0,0,0,0,0,0,174659
"ABL2","ENSG00000143322",179099330,179229684,"chr1",0,0,0,0,0,0,0,0,0,0,0,0,0,0,0,0,0,0,0,0,0,0,0,0,130354
"ACOD1","ENSG00000102794",76948511,76958638,"chr13",0,0,0,0,0,0,0,1,0,0,0,0,0,0,0,0,0,0,0,0,0,0,0,0,10127
"ACTN4","ENSG00000282844",38647649,38731589,"chrCHR_HG26_PATCH",0,0,0,0,0,0,0,0,0,0,0,0,0,0,0,0,0,0,0,0,0,0,0,0,83940
"ACTN4","ENSG00000130402",38647649,38731589,"chr19",0,0,0,0,0,0,0,0,0,0,0,0,0,0,0,1,0,0,0,0,0,0,0,0,83940
"ADAM28","ENSG00000042980",24294069,24359014,"chr8",0,0,0,0,0,0,0,0,0,0,0,0,0,0,0,0,0,0,0,0,0,0,0,0,64945
"ADAM9","ENSG00000282230",39101863,39105144,"chrCHR_HSCHR8_9_CTG1",0,0,0,0,0,0,0,0,0,0,0,0,0,0,0,0,0,0,0,0,0,0,0,0,3281
"ADAM9","ENSG00000168615",38996754,39105445,"chr8",0,0,0,0,0,0,2,0,0,0,0,0,0,0,0,0,0,0,0,0,0,0,0,0,108691
"ADGRF1","ENSG00000153292",46997708,47042350,"chr6",0,0,0,0,0,0,0,0,0,0,0,0,0,0,0,0,0,0,0,0,0,0,0,0,44642
"AFF1","ENSG00000172493",86935002,87141054,"chr4",0,0,0,0,0,0,0,0,0,0,0,0,0,0,0,0,0,0,0,0,0,0,0,0,206052
"AFF3","ENSG00000144218",99545419,100192428,"chr2",0,0,0,0,0,0,0,0,0,0,0,0,0,0,0,0,0,0,0,0,0,0,0,0,647009
"AGAP2","ENSG00000135439",57723761,57742157,"chr12",0,0,0,0,0,0,0,0,0,0,0,0,0,0,0,0,0,0,0,0,6,0,0,0,18396
"AGFG1","ENSG00000173744",227472152,227561217,"chr2",0,0,0,0,0,0,0,0,0,0,0,0,0,0,0,0,0,0,0,0,0,0,0,0,89065
"AGRN","ENSG00000188157",1020120,1056118,"chr1",0,0,0,0,0,0,0,0,0,0,0,0,0,0,0,0,0,0,0,0,0,0,0,0,35998
"AHCYL1","ENSG00000168710",109984765,110023742,"chr1",0,0,0,0,0,0,0,1,0,0,0,0,0,0,0,0,0,0,0,0,0,0,0,0,38977
"AHI1","ENSG00000135541",135283407,135498434,"chr6",0,0,0,0,0,0,0,1,0,0,0,1,0,0,0,0,0,0,0,0,0,0,0,0,215027
"AIMP2","ENSG00000106305",6009255,6023834,"chr7",0,0,0,0,1,0,0,0,0,0,0,0,0,0,0,0,0,0,0,0,0,0,0,0,14579
"AKAP13","ENSG00000170776",85380571,85749358,"chr15",0,0,0,0,0,0,0,0,0,0,0,0,0,0,0,0,0,0,0,0,0,0,0,0,368787
"AKAP9","ENSG00000127914",91940840,92110673,"chr7",0,0,0,0,0,0,0,0,0,0,0,0,0,0,0,0,0,0,0,0,1,0,0,0,169833
"AKIRIN2","ENSG00000135334",87674860,87702233,"chr6",0,0,0,0,0,0,0,0,0,0,0,0,0,0,0,0,0,0,0,0,0,0,0,0,27373
"AKT1","ENSG00000142208",104769349,104795751,"chr14",0,0,0,0,0,0,0,0,0,0,0,0,0,0,0,0,0,0,0,0,0,0,0,0,26402
"AKT2","ENSG00000105221",40230317,40285536,"chr19",0,0,1,0,0,0,0,0,0,0,0,0,1,0,0,1,0,0,0,0,0,0,0,0,55219
"AKTIP","ENSG00000166971",53491040,53504411,"chr16",0,0,0,0,0,0,0,1,0,0,0,0,0,0,0,0,0,0,0,0,0,0,0,0,13371
"ALDH1A1","ENSG00000165092",72900671,73080442,"chr9",0,0,0,0,0,0,0,0,0,0,0,0,0,0,0,0,0,0,0,0,0,0,0,0,179771
"ALK","ENSG00000171094",29192774,29921586,"chr2",0,0,0,0,0,0,0,0,0,0,0,0,0,0,0,0,0,0,0,0,0,0,0,0,728812
"ANP32C","ENSG00000248546",164197007,164197711,"chr4",0,0,0,0,0,0,0,0,0,0,0,0,0,0,0,0,0,0,0,0,0,0,0,0,704
"ANP32D","ENSG00000139223",48472559,48473622,"chr12",0,0,0,0,0,0,0,0,0,0,0,0,0,0,0,0,0,0,0,0,0,0,0,0,1063
"AQP1","ENSG00000240583",30911853,30925517,"chr7",0,0,0,0,0,0,1,0,0,0,0,0,0,0,0,0,1,0,0,0,0,0,0,0,13664
"AR","ENSG00000169083",67544021,67730619,"chrX",0,0,0,0,0,0,0,0,0,0,0,0,0,0,0,0,0,0,0,0,0,0,0,0,186598
"ARAF","ENSG00000078061",47561205,47571908,"chrX",0,0,0,0,0,0,0,0,0,0,0,0,0,0,0,0,0,0,0,0,0,0,0,0,10703
"ARHGEF1","ENSG00000076928",41883173,41930150,"chr19",0,0,0,0,0,0,0,0,0,0,0,0,0,0,0,0,0,0,0,0,0,0,0,0,46977
"ARHGEF2","ENSG00000116584",155946851,156007070,"chr1",0,0,0,0,0,0,0,0,0,0,0,0,0,0,0,0,0,0,0,0,0,0,0,0,60219
"ARHGEF5","ENSG00000284933",144450317,144475530,"chrCHR_HSCHR7_3_CTG4_4",0,0,0,0,0,0,0,0,0,0,0,0,0,0,0,0,0,0,0,0,0,0,0,0,25213
"ARHGEF5","ENSG00000050327",144355288,144380632,"chr7",0,0,0,0,0,0,0,0,0,0,0,0,0,0,0,0,0,0,0,0,0,0,0,0,25344
"ARID3A","ENSG00000116017",925781,975939,"chr19",0,0,0,0,0,0,0,0,0,0,0,0,0,0,0,0,0,0,0,0,0,0,0,0,50158
"ASCL1","ENSG00000139352",102957674,102960513,"chr12",0,0,0,0,0,0,0,0,0,0,0,0,0,0,0,0,0,0,0,0,0,0,0,0,2839
"ASPSCR1","ENSG00000169696",81976807,82017406,"chr17",0,0,0,0,0,0,0,0,0,0,0,0,0,0,0,0,0,0,0,0,0,0,0,0,40599
"ATF1","ENSG00000123268",50763710,50821162,"chr12",0,0,0,0,0,0,0,0,0,0,0,0,0,0,0,0,0,0,0,0,0,0,0,0,57452
"ATF3","ENSG00000162772",212565334,212620777,"chr1",0,0,0,0,0,0,0,0,0,0,0,0,0,0,0,0,0,0,0,0,0,0,0,0,55443
"AURKA","ENSG00000087586",56369389,56392337,"chr20",0,0,0,0,0,0,0,2,0,0,0,0,0,0,0,0,0,0,0,0,0,0,0,0,22948
"AXL","ENSG00000167601",41219223,41261766,"chr19",0,0,0,0,0,0,0,0,0,0,0,0,0,0,0,0,0,0,0,0,0,0,0,0,42543
"BAALC","ENSG00000164929",103140713,103230305,"chr8",1,0,0,0,0,0,2,0,0,0,0,0,0,0,0,0,0,0,0,0,0,0,0,0,89592
"BAIAP2L1","ENSG00000006453",98291650,98401090,"chr7",0,0,0,0,0,0,0,0,0,0,0,0,0,0,0,0,0,0,0,0,0,0,0,0,109440
"BANP","ENSG00000172530",87949244,88077318,"chr16",0,0,0,0,0,0,0,0,0,0,0,0,0,0,0,0,0,0,0,0,0,0,0,0,128074
"BARD1","ENSG00000138376",214725646,214809683,"chr2",0,0,0,0,0,0,0,0,0,0,0,0,0,0,0,0,0,0,0,0,0,0,0,0,84037
"BAX","ENSG00000087088",48954815,48961798,"chr19",0,0,0,0,0,0,0,0,0,0,0,0,0,0,0,0,0,0,0,0,0,0,0,0,6983
"BCAR4","ENSG00000262117",11819829,11828845,"chr16",0,1,0,0,0,0,0,0,0,0,0,0,0,0,0,0,0,0,0,0,0,0,0,0,9016
"BCKDHB","ENSG00000083123",80106647,80346270,"chr6",0,0,0,0,0,0,0,0,0,0,0,0,0,0,0,0,0,0,0,0,0,0,0,0,239623
"BCL11A","ENSG00000119866",60450520,60554467,"chr2",0,0,0,0,0,0,1,0,0,0,0,0,0,0,0,0,0,0,0,0,0,0,0,0,103947
"BCL11B","ENSG00000127152",99169287,99272197,"chr14",0,0,0,0,0,0,0,0,0,0,0,0,0,0,0,0,0,0,0,0,0,0,0,0,102910
"BCL2","ENSG00000171791",63123346,63320128,"chr18",0,0,0,0,0,0,1,0,0,0,0,0,0,0,0,0,0,0,0,0,0,0,0,0,196782
"BCL2A1","ENSG00000140379",79960892,79971196,"chr15",0,0,0,0,0,0,0,0,0,0,0,0,0,0,0,0,0,0,0,0,0,0,0,0,10304
"BCL2L1","ENSG00000171552",31664452,31723989,"chr20",0,0,0,0,0,0,0,0,0,0,0,0,0,0,0,0,0,0,0,0,0,0,0,0,59537
"BCL2L12","ENSG00000126453",49665142,49673916,"chr19",0,0,0,0,0,0,0,0,0,0,0,0,0,0,0,0,0,0,0,0,0,0,0,0,8774
"BCL3","ENSG00000069399",44747705,44760044,"chr19",0,0,0,0,0,0,0,0,0,0,0,0,0,0,0,0,0,0,0,0,0,0,0,0,12339
"BCL6","ENSG00000113916",187721377,187745725,"chr3",0,0,0,0,0,0,0,0,0,0,0,0,0,0,0,0,0,0,0,0,0,0,0,0,24348
"BCL9","ENSG00000116128",147541501,147626216,"chr1",0,0,0,0,0,0,0,0,0,0,0,0,0,0,0,0,0,0,0,0,0,0,0,0,84715
"BCL9L","ENSG00000186174",118893875,118925608,"chr11",0,0,0,0,0,0,0,0,0,0,0,0,0,0,0,0,0,0,0,0,0,0,0,0,31733
"BCR","ENSG00000186716",23179704,23318037,"chr22",0,0,0,0,0,0,0,0,0,0,0,0,0,0,0,0,0,0,0,0,0,0,0,0,138333
"BIRC2","ENSG00000110330",102347211,102378670,"chr11",0,0,0,0,0,0,0,1,1,0,0,0,0,0,0,0,1,0,0,0,0,0,0,0,31459
"BIRC3","ENSG00000023445",102317450,102339403,"chr11",0,0,0,0,0,0,0,1,1,0,0,0,0,0,0,0,1,0,0,0,0,0,0,0,21953
"BIRC5","ENSG00000089685",78214186,78225636,"chr17",0,0,0,0,0,0,0,0,0,0,0,0,0,0,0,0,0,0,0,0,0,0,0,0,11450
"BLK","ENSG00000285369",8388247,8409603,"chrCHR_HG76_PATCH",0,0,0,0,0,0,0,0,0,0,0,0,0,0,0,0,0,0,0,0,0,0,0,0,21356
"BLK","ENSG00000136573",11486894,11564599,"chr8",0,0,0,0,0,0,0,0,0,0,0,0,0,0,0,0,0,0,0,0,0,0,0,0,77705
"BMI1","ENSG00000168283",22321099,22331484,"chr10",0,0,0,0,0,0,0,0,0,0,0,0,0,0,0,0,0,0,0,0,0,0,0,0,10385
"BMP7","ENSG00000101144",57168753,57266641,"chr20",0,0,0,0,0,0,0,1,0,0,0,0,0,0,0,0,0,0,0,0,0,0,0,0,97888
"BOC","ENSG00000144857",113211003,113287459,"chr3",0,0,0,0,0,0,0,0,0,0,0,0,0,0,0,0,0,0,0,0,0,0,0,0,76456
"BRAF","ENSG00000157764",140719327,140924929,"chr7",0,0,0,0,0,0,0,0,0,0,0,0,0,0,0,0,0,0,0,0,0,0,0,0,205602
"BRD4","ENSG00000141867",15235519,15332545,"chr19",0,0,0,0,0,0,0,0,0,0,0,0,0,0,0,0,0,0,0,0,0,0,0,0,97026
"BRF2","ENSG00000104221",37843268,37849861,"chr8",0,0,0,0,0,0,2,3,0,0,0,0,1,0,0,0,0,0,0,0,0,0,0,0,6593
"CABIN1","ENSG00000281670",24065455,24065991,"chrCHR_HSCHR22_1_CTG7",0,0,0,0,0,0,0,0,0,0,0,0,0,0,0,0,0,0,0,0,0,0,0,0,536
"CABIN1","ENSG00000099991",24011192,24178628,"chr22",0,0,0,0,0,0,0,0,0,0,0,0,0,0,0,0,0,0,0,0,0,0,0,0,167436
"CAMK1D","ENSG00000183049",12349547,12835545,"chr10",0,0,0,0,0,0,0,0,0,0,0,0,0,0,0,0,0,0,0,0,0,0,0,0,485998
"CAPG","ENSG00000042493",85394753,85418432,"chr2",0,0,0,0,0,0,0,0,0,0,0,0,0,0,0,0,0,0,0,0,0,0,0,0,23679
"CARD11","ENSG00000198286",2906142,3043867,"chr7",0,0,0,0,0,0,0,0,0,0,0,0,0,0,0,0,0,0,0,0,0,0,0,0,137725
"CAV1","ENSG00000105974",116524994,116561179,"chr7",2,0,0,0,0,0,0,0,0,0,0,0,0,0,0,0,0,0,0,0,0,0,0,0,36185
"CBFB","ENSG00000067955",67028984,67101058,"chr16",0,0,0,0,0,0,0,0,0,0,0,0,0,0,0,0,0,0,0,0,0,0,0,0,72074
"CBL","ENSG00000110395",119206298,119313926,"chr11",0,0,0,0,0,0,0,0,0,0,0,0,0,0,0,0,0,0,0,0,0,0,0,0,107628
"CBLB","ENSG00000114423",105655461,105869552,"chr3",0,0,0,0,0,0,0,0,0,0,0,0,0,0,0,0,0,0,0,0,0,0,0,0,214091
"CBLL1","ENSG00000105879",107743949,107761667,"chr7",0,0,0,0,0,0,0,0,0,0,0,0,0,0,0,0,0,0,0,0,0,0,0,0,17718
"CBX7","ENSG00000100307",39120167,39152680,"chr22",0,0,0,0,0,0,0,0,0,0,0,0,0,0,0,0,0,0,0,0,0,0,0,0,32513
"CBX8","ENSG00000141570",79792132,79801683,"chr17",0,0,0,0,0,0,0,0,0,0,0,0,0,0,0,0,0,0,0,0,0,0,0,0,9551
"CCDC28A","ENSG00000024862",138773769,138793319,"chr6",0,0,0,0,0,0,0,0,0,0,0,0,0,0,0,0,0,0,0,0,0,0,0,0,19550
"CCDC6","ENSG00000108091",59788747,59906556,"chr10",0,0,0,0,0,0,0,0,0,0,0,0,0,0,0,0,0,0,0,0,0,0,0,0,117809
"CCN2","ENSG00000118523",131948176,131951372,"chr6",0,0,0,0,0,0,0,0,0,0,0,0,0,0,0,0,0,0,0,0,0,0,0,0,3196
"CCN4","ENSG00000104415",133191039,133231690,"chr8",0,0,0,0,0,0,2,0,0,0,0,1,0,0,0,0,0,0,0,0,0,0,0,0,40651
"CCNB1","ENSG00000134057",69167135,69178245,"chr5",0,0,0,0,0,0,0,0,0,0,0,0,0,0,0,0,0,0,0,0,0,0,0,0,11110
"CCNB2","ENSG00000157456",59105126,59125045,"chr15",0,0,0,0,0,0,0,0,0,0,0,0,0,0,0,0,0,0,0,0,0,0,0,0,19919
"CCND1","ENSG00000110092",69641156,69654474,"chr11",0,0,0,0,0,0,0,0,2,0,0,0,0,0,0,0,1,0,0,0,0,0,0,0,13318
"CCNE1","ENSG00000105173",29811991,29824312,"chr19",0,0,1,0,0,0,0,2,0,0,0,0,0,0,0,0,0,0,0,0,0,0,0,0,12321
"CCNL1","ENSG00000163660",157146508,157160760,"chr3",0,0,0,0,0,0,0,0,0,0,0,0,0,0,0,0,0,0,0,0,0,0,0,0,14252
"CD24","ENSG00000272398",106969831,106975627,"chr6",0,0,0,0,0,0,1,0,0,0,0,0,0,0,0,0,0,0,0,0,0,0,0,0,5796
"CDC25A","ENSG00000164045",48157146,48188417,"chr3",0,0,0,0,0,0,0,0,0,0,0,0,0,0,0,0,0,0,0,0,0,0,0,0,31271
"CDC25C","ENSG00000158402",138285269,138338355,"chr5",0,0,0,0,0,0,0,0,0,0,0,0,0,0,0,0,0,0,0,0,0,0,0,0,53086
"CDC5L","ENSG00000096401",44387706,44450425,"chr6",0,0,0,0,0,0,0,0,0,0,0,0,0,0,0,0,0,0,0,0,0,0,0,0,62719
"CDC6","ENSG00000094804",40287879,40304657,"chr17",0,0,0,0,0,0,0,0,0,0,0,0,0,0,0,0,0,0,0,0,0,0,0,0,16778
"CDH1","ENSG00000039068",68737292,68835537,"chr16",0,0,0,0,0,0,0,0,0,0,0,0,0,0,0,0,0,0,0,0,0,0,0,0,98245
"CDH17","ENSG00000079112",94127162,94217303,"chr8",0,0,0,0,0,0,0,0,0,0,0,0,0,0,0,0,0,0,0,0,0,0,0,0,90141
"CDK1","ENSG00000170312",60778331,60794852,"chr10",0,0,0,0,0,0,0,0,0,0,0,0,0,0,0,0,0,0,0,0,0,0,0,0,16521
"CDK14","ENSG00000058091",90466424,91210590,"chr7",0,0,0,0,0,0,0,0,0,0,0,0,0,0,0,0,0,0,0,0,0,0,0,0,744166
"CDK4","ENSG00000135446",57747727,57756013,"chr12",0,0,0,0,0,0,0,0,0,0,0,0,0,0,0,0,0,0,0,0,6,0,0,0,8286
"CDK5R2","ENSG00000171450",218959666,218962155,"chr2",0,0,0,0,0,0,0,0,0,0,0,0,0,0,0,0,0,0,0,0,0,0,0,0,2489
"CDK6","ENSG00000105810",92604921,92836573,"chr7",0,0,0,0,0,0,0,0,0,0,0,0,0,0,0,0,0,0,0,0,0,0,0,0,231652
"CDK8","ENSG00000132964",26254104,26405238,"chr13",0,0,0,0,0,0,0,0,0,0,0,0,0,0,0,0,0,0,0,0,0,0,0,0,151134
"CDKN1A","ENSG00000124762",36676460,36687337,"chr6",0,0,0,0,0,0,0,1,0,0,0,0,0,0,0,0,0,0,0,0,0,0,0,0,10877
"CDKN1B","ENSG00000111276",12715058,12722369,"chr12",0,0,0,0,0,0,0,0,0,0,0,0,0,0,0,0,0,0,0,0,0,0,0,0,7311
"CDKN3","ENSG00000100526",54396849,54420218,"chr14",0,0,0,0,0,0,0,0,0,0,0,0,0,0,0,0,0,0,0,0,0,0,0,0,23369
"CDON","ENSG00000064309",125955796,126063335,"chr11",0,0,0,0,0,0,0,0,0,0,0,0,0,0,0,0,0,0,0,0,0,0,0,0,107539
"CDX2","ENSG00000165556",27960918,27969315,"chr13",0,0,0,0,0,0,0,0,0,0,0,0,0,0,0,0,0,0,0,0,0,0,0,0,8397
"CEACAM6","ENSG00000086548",41750977,41772211,"chr19",0,0,0,0,0,0,0,0,0,0,0,0,0,0,0,0,0,0,0,0,0,0,0,0,21234
"CENPW","ENSG00000203760",126340115,126348875,"chr6",0,0,0,0,0,0,0,0,0,0,0,0,0,0,0,0,0,0,0,0,0,0,0,0,8760
"CFLAR","ENSG00000003402",201116154,201176687,"chr2",0,0,0,0,0,0,0,0,0,0,0,0,0,0,0,0,0,0,0,0,0,0,0,0,60533
"CHD1L","ENSG00000131778",147242654,147295765,"chr1",0,0,0,0,0,0,0,0,0,0,0,0,0,0,0,0,0,0,0,0,0,0,0,0,53111
"CHIC1","ENSG00000204116",73563200,73687102,"chrX",0,0,0,0,0,0,0,0,0,0,0,0,0,0,0,0,0,0,0,0,0,0,0,0,123902
"CHL1","ENSG00000134121",196763,409417,"chr3",0,0,0,0,0,0,0,0,0,0,0,0,0,0,0,0,0,0,0,0,0,0,0,0,212654
"CIP2A","ENSG00000163507",108549864,108589644,"chr3",0,0,0,0,0,0,0,0,0,0,0,0,0,0,0,0,0,0,0,0,0,0,0,0,39780
"CKS1B","ENSG00000173207",154974653,154979251,"chr1",0,0,0,0,0,0,0,0,0,0,0,0,0,0,0,0,0,0,0,0,0,0,0,0,4598
"CMC4","ENSG00000182712",155061622,155071136,"chrX",0,0,0,0,0,0,0,0,0,0,0,0,0,0,0,0,0,0,0,0,0,0,0,0,9514
"CNR2","ENSG00000188822",23870515,23913362,"chr1",0,0,0,0,0,0,0,0,0,0,0,0,0,0,0,0,0,0,0,0,0,0,0,0,42847
"CNTN2","ENSG00000184144",205042937,205078289,"chr1",0,0,0,0,0,0,0,0,0,0,0,0,0,0,0,0,0,0,0,0,0,0,0,0,35352
"COPS3","ENSG00000141030",17246616,17281273,"chr17",0,1,0,0,0,0,0,0,0,0,0,0,0,1,0,0,0,0,0,0,0,0,0,0,34657
"COPS5","ENSG00000121022",67043079,67083783,"chr8",0,0,0,0,0,0,1,0,0,0,0,0,0,0,0,0,0,0,0,0,0,0,0,0,40704
"CREB1","ENSG00000118260",207529737,207605988,"chr2",0,0,0,0,0,0,0,0,0,0,0,0,0,0,0,0,0,0,0,0,0,0,0,0,76251
"CRK","ENSG00000167193",1420689,1463162,"chr17",0,0,0,0,0,0,0,0,0,0,0,0,0,0,0,0,0,0,0,0,0,0,0,0,42473
"CRKL","ENSG00000099942",20917407,20953747,"chr22",0,0,0,0,0,0,0,0,0,0,0,0,0,0,0,0,0,0,0,0,0,0,0,0,36340
"CRLF2","ENSG00000205755",1187549,1212723,"chrX",0,0,0,0,0,0,0,0,0,0,0,0,0,0,0,0,0,0,0,0,0,0,0,0,25174
"CROT","ENSG00000005469",87345664,87399794,"chr7",0,0,0,0,0,0,0,0,0,0,0,0,0,0,0,0,0,0,0,0,0,0,0,0,54130
"CRTC1","ENSG00000105662",18683678,18782333,"chr19",0,0,0,0,0,0,0,0,0,0,0,0,0,0,0,0,0,0,0,0,0,0,0,0,98655
"CRYAB","ENSG00000109846",111908564,111923722,"chr11",0,0,0,0,0,0,0,0,0,0,0,0,0,0,0,0,0,0,0,0,0,0,0,0,15158
"CSF1","ENSG00000184371",109910242,109930992,"chr1",0,0,0,0,0,0,0,1,0,0,0,0,0,0,0,0,0,0,0,0,0,0,0,0,20750
"CSF1R","ENSG00000182578",150053291,150113372,"chr5",0,0,0,0,0,0,0,0,0,0,0,0,0,0,0,0,0,0,0,0,0,0,0,0,60081
"CSF3","ENSG00000108342",40015361,40017813,"chr17",1,0,0,0,0,0,0,0,0,0,0,0,0,0,0,0,0,0,0,0,0,0,0,0,2452
"CSF3R","ENSG00000119535",36466043,36483278,"chr1",0,0,0,0,0,0,0,0,0,0,0,0,0,0,0,0,0,0,0,0,0,0,0,0,17235
"CSNK2A1","ENSG00000101266",472498,543835,"chr20",0,0,0,0,0,0,0,0,0,0,0,0,0,0,0,0,0,0,0,0,0,0,0,0,71337
"CSNK2A2","ENSG00000070770",58157907,58198106,"chr16",0,0,0,0,0,0,0,0,0,0,0,0,0,0,0,0,0,0,0,0,0,0,0,0,40199
"CT45A1","ENSG00000268940",135713453,135723539,"chrX",0,0,0,0,0,0,0,0,0,0,0,0,0,0,0,0,0,0,0,0,0,0,0,0,10086
"CTBP2","ENSG00000175029",124984317,125161170,"chr10",0,0,0,0,0,0,0,0,0,0,0,0,0,0,0,0,0,0,0,0,0,0,0,0,176853
"CTNNB1","ENSG00000168036",41194741,41260096,"chr3",1,0,0,0,0,0,0,0,0,0,0,0,0,0,0,0,0,0,0,0,0,0,0,0,65355
"CTNND2","ENSG00000169862",10971836,11904446,"chr5",0,0,0,0,0,0,1,0,0,0,0,0,0,0,0,0,0,0,0,0,0,0,0,0,932610
"CTSZ","ENSG00000101160",58985686,59008238,"chr20",0,0,0,0,0,0,0,1,0,0,0,0,0,0,0,0,0,0,0,0,0,0,0,0,22552
"CTTN","ENSG00000288401",70403871,70442051,"chrCHR_HG2115_PATCH",0,0,0,0,0,0,0,0,0,0,0,0,0,0,0,0,0,0,0,0,0,0,0,0,38180
"CTTN","ENSG00000085733",70398404,70436584,"chr11",0,0,1,0,0,0,0,0,3,0,0,0,0,0,0,0,0,0,0,0,0,0,0,0,38180
"CUL4A","ENSG00000139842",113208193,113267108,"chr13",0,0,0,0,0,0,0,0,0,0,0,0,0,0,0,0,0,0,0,0,0,0,0,0,58915
"CUL7","ENSG00000044090",43037617,43053943,"chr6",0,0,0,0,0,0,0,0,0,0,0,0,0,0,0,0,0,0,0,0,0,0,0,0,16326
"CUX1","ENSG00000257923",101815904,102283958,"chr7",0,0,0,0,0,0,0,0,0,0,0,0,0,0,0,0,0,0,0,0,0,0,0,0,468054
"CXCL1","ENSG00000163739",73869393,73871308,"chr4",0,0,0,0,0,0,0,0,0,0,0,0,0,0,0,0,0,0,0,0,0,0,0,0,1915
"CXCL2","ENSG00000081041",74097040,74099196,"chr4",0,0,0,0,0,0,0,0,0,0,0,0,0,0,0,0,0,0,0,0,0,0,0,0,2156
"CXCL3","ENSG00000163734",74036589,74038807,"chr4",0,0,0,0,0,0,0,0,0,0,0,0,0,0,0,0,0,0,0,0,0,0,0,0,2218
"CXCR4","ENSG00000121966",136114349,136118149,"chr2",0,0,0,0,0,0,0,0,0,0,0,0,0,0,0,0,0,0,0,0,0,0,0,0,3800
"CYGB","ENSG00000161544",76527356,76551175,"chr17",0,0,0,0,0,0,0,0,0,0,0,0,0,0,0,0,0,0,0,0,0,0,0,0,23819
"CYP24A1","ENSG00000019186",54153446,54173986,"chr20",0,0,0,0,0,0,0,1,0,0,0,0,0,0,0,0,0,0,0,0,0,0,0,0,20540
"DAXX","ENSG00000229396",33469139,33469421,"chrCHR_HSCHR6_MHC_SSTO_CTG1",0,0,0,0,0,0,0,0,0,0,0,0,0,0,0,0,0,0,0,0,0,0,0,0,282
"DAXX","ENSG00000231617",33488900,33499609,"chrCHR_HSCHR6_MHC_MCF_CTG1",0,0,0,0,0,0,0,0,0,0,0,0,0,0,0,0,0,0,0,0,0,0,0,0,10709
"DAXX","ENSG00000206206",33296480,33307190,"chrCHR_HSCHR6_MHC_DBB_CTG1",0,0,0,0,0,0,0,0,0,0,0,0,0,0,0,0,0,0,0,0,0,0,0,0,10710
"DAXX","ENSG00000206279",33247394,33258105,"chrCHR_HSCHR6_MHC_QBL_CTG1",0,0,0,0,0,0,0,0,0,0,0,0,0,0,0,0,0,0,0,0,0,0,0,0,10711
"DAXX","ENSG00000227046",33240162,33250873,"chrCHR_HSCHR6_MHC_COX_CTG1",0,0,0,0,0,0,0,0,0,0,0,0,0,0,0,0,0,0,0,0,0,0,0,0,10711
"DAXX","ENSG00000204209",33318558,33323016,"chr6",0,0,0,0,0,0,0,0,0,0,0,0,0,0,0,0,0,0,0,0,0,0,0,0,4458
"DCD","ENSG00000161634",54644589,54648493,"chr12",0,0,0,0,0,0,0,0,0,0,0,0,0,0,0,0,0,0,0,0,0,0,0,0,3904
"DCUN1D1","ENSG00000043093",182938074,182985953,"chr3",0,0,0,0,0,0,0,0,0,0,0,0,0,0,0,0,0,0,0,0,0,0,0,0,47879
"DDB2","ENSG00000134574",47214465,47239217,"chr11",0,0,0,0,0,0,0,0,0,0,0,0,0,0,0,0,0,0,0,0,0,0,0,0,24752
"DDHD2","ENSG00000085788",38225218,38275558,"chr8",0,0,0,0,0,0,2,1,0,0,0,0,1,0,0,0,0,0,0,0,0,0,0,0,50340
"DDIT3","ENSG00000175197",57516588,57521737,"chr12",0,0,0,0,0,0,0,0,0,0,0,0,0,0,0,0,0,0,0,0,0,0,0,0,5149
"DDX6","ENSG00000110367",118747763,118791164,"chr11",0,0,0,0,0,0,0,0,0,0,0,0,0,0,0,0,0,0,0,0,0,0,0,0,43401
"DEK","ENSG00000124795",18223860,18264548,"chr6",0,0,0,0,0,0,0,0,0,0,0,0,0,0,0,0,0,0,0,0,0,0,0,0,40688
"DIS3","ENSG00000083520",72752169,72782096,"chr13",0,0,0,0,0,0,0,1,0,0,0,0,0,0,0,0,0,0,0,0,0,0,0,0,29927
"DLX5","ENSG00000105880",97020396,97024950,"chr7",0,0,0,0,0,0,0,0,0,0,0,0,0,0,0,0,0,0,0,0,0,0,0,0,4554
"DNPH1","ENSG00000112667",43225629,43229481,"chr6",0,0,0,0,0,0,0,0,0,0,0,0,0,0,0,0,0,0,0,0,0,0,0,0,3852
"DPPA2","ENSG00000163530",109293788,109316517,"chr3",0,0,0,0,0,0,0,0,0,0,0,0,0,0,0,0,0,0,0,0,0,0,0,0,22729
"DPPA4","ENSG00000121570",109326141,109337572,"chr3",0,0,0,0,0,0,0,0,0,0,0,0,0,0,0,0,0,0,0,0,0,0,0,0,11431
"DSG3","ENSG00000134757",31447741,31478702,"chr18",0,0,0,0,0,0,0,0,0,0,0,0,0,0,0,0,0,0,0,0,0,0,0,0,30961
"DUSP12","ENSG00000081721",161749758,161757238,"chr1",0,0,0,0,0,0,0,0,0,0,0,0,0,0,0,0,0,0,0,0,0,0,0,0,7480
"DUSP26","ENSG00000133878",33591330,33600023,"chr8",0,0,0,0,1,0,0,0,0,0,0,0,1,0,0,0,0,0,0,0,0,0,0,0,8693
"E2F1","ENSG00000101412",33675477,33686385,"chr20",0,0,1,0,0,0,0,1,0,0,0,0,0,0,0,0,0,0,0,0,0,0,0,0,10908
"E2F3","ENSG00000112242",20401879,20493714,"chr6",0,2,0,0,0,0,0,0,0,0,0,0,0,0,0,0,0,0,0,0,0,0,0,0,91835
"E2F5","ENSG00000133740",85177154,85217158,"chr8",0,0,0,0,0,0,1,1,0,0,0,0,0,0,0,0,0,0,0,0,0,0,0,0,40004
"ECHS1","ENSG00000127884",133362485,133373354,"chr10",0,0,0,0,0,0,0,0,0,0,0,0,0,0,0,0,0,0,0,0,0,0,0,0,10869
"ECT2","ENSG00000114346",172750682,172821474,"chr3",0,0,1,0,0,0,1,0,0,0,0,0,0,0,0,0,0,0,0,0,0,0,0,0,70792
"EEF1A1","ENSG00000156508",73489308,73525587,"chr6",0,0,0,0,0,0,0,0,0,0,0,0,0,0,0,0,0,0,0,0,0,0,0,0,36279
"EEF1A2","ENSG00000101210",63488013,63499239,"chr20",0,0,0,0,0,0,0,0,0,0,0,0,0,0,0,0,0,0,0,0,0,0,0,0,11226
"EEF1D","ENSG00000273594",143579697,143597744,"chrCHR_HSCHR8_3_CTG7",0,0,0,0,0,0,0,0,0,0,0,0,0,0,0,0,0,0,0,0,0,0,0,0,18047
"EEF1D","ENSG00000104529",143579697,143599541,"chr8",0,0,0,0,0,0,0,0,0,0,0,0,0,0,0,0,0,0,0,0,0,0,0,0,19844
"EGFR","ENSG00000146648",55019017,55211628,"chr7",0,0,0,0,0,0,3,1,0,0,0,0,0,0,0,0,1,0,0,0,7,0,0,0,192611
"EIF3E","ENSG00000104408",108162787,108443496,"chr8",0,0,0,0,0,0,0,1,0,0,0,0,0,0,0,0,0,0,0,0,0,0,0,0,280709
"EIF3I","ENSG00000084623",32221077,32245397,"chr1",0,0,0,0,0,0,1,0,0,0,0,0,0,0,0,0,0,0,0,0,0,0,0,0,24320
"EIF4E","ENSG00000151247",98879276,98929133,"chr4",0,0,0,0,0,0,0,0,0,0,0,0,0,0,0,0,0,0,0,0,0,0,0,0,49857
"EIF5A2","ENSG00000163577",170888418,170908644,"chr3",0,0,1,0,0,0,1,0,0,0,0,0,0,0,0,0,0,0,0,0,0,0,0,0,20226
"ELAVL1","ENSG00000066044",7958573,8005659,"chr19",0,0,0,0,0,0,0,0,0,0,0,0,0,0,0,0,0,0,0,0,0,0,0,0,47086
"ELF4","ENSG00000102034",130063955,130110716,"chrX",0,0,0,0,0,0,0,0,0,0,0,0,0,0,0,0,0,0,0,0,0,0,0,0,46761
"ELK1","ENSG00000126767",47635521,47650604,"chrX",0,0,0,0,0,0,0,0,0,0,0,0,0,0,0,0,0,0,0,0,0,0,0,0,15083
"ELK3","ENSG00000111145",96194375,96269824,"chr12",0,0,0,0,0,0,0,0,0,0,0,0,0,0,0,0,0,0,0,0,0,0,0,0,75449
"ELL","ENSG00000105656",18442663,18522116,"chr19",0,0,0,0,0,0,0,0,0,0,0,0,0,0,0,0,0,0,0,0,0,0,0,0,79453
"EML4","ENSG00000143924",42169353,42332548,"chr2",0,0,0,0,0,0,0,0,0,0,0,0,0,0,0,0,0,0,0,0,0,0,0,0,163195
"EMSY","ENSG00000158636",76444923,76553025,"chr11",0,0,1,0,0,0,0,2,0,0,0,0,0,0,0,0,0,0,0,0,0,0,0,0,108102
"EN2","ENSG00000164778",155458129,155464831,"chr7",0,0,0,0,0,0,0,0,0,0,0,0,0,0,0,0,0,0,0,0,0,0,0,0,6702
"ENTPD5","ENSG00000187097",73958010,74019399,"chr14",0,0,0,0,0,0,0,0,0,0,0,0,0,0,0,0,0,0,0,0,0,0,0,0,61389
"EPCAM","ENSG00000119888",47345158,47387601,"chr2",0,0,0,0,0,0,0,0,0,0,0,0,0,0,0,0,0,0,0,0,0,0,0,0,42443
"EPHA2","ENSG00000142627",16124337,16156069,"chr1",0,0,0,0,0,0,0,0,0,0,0,0,0,0,0,0,0,0,0,0,0,0,0,0,31732
"EPS8","ENSG00000151491",15620134,15882329,"chr12",0,0,0,0,0,0,0,0,0,0,0,0,0,0,0,0,0,0,0,0,0,0,0,0,262195
"ERAS","ENSG00000187682",48826513,48830138,"chrX",0,0,0,0,0,0,0,0,0,0,0,0,0,0,0,0,0,0,0,0,0,0,0,0,3625
"ERBB2","ENSG00000141736",39687914,39730426,"chr17",1,0,0,0,0,0,0,0,0,0,0,0,0,0,0,0,0,0,0,0,0,0,0,0,42512
"ERBB3","ENSG00000065361",56076799,56103505,"chr12",0,0,0,0,0,0,0,0,0,0,0,0,0,0,0,0,0,0,0,0,0,0,0,0,26706
"ERBB4","ENSG00000178568",211375717,212538841,"chr2",0,0,0,0,0,0,0,0,0,0,0,0,0,0,0,0,0,0,0,0,0,0,0,0,1163124
"ERG","ENSG00000157554",38380027,38661780,"chr21",0,0,0,0,0,0,0,0,0,0,0,0,0,0,0,0,0,0,0,0,0,0,0,0,281753
"ERGIC1","ENSG00000113719",172834251,172952683,"chr5",0,0,0,0,0,0,1,0,0,0,0,0,0,0,0,0,0,0,0,0,0,0,0,0,118432
"ERVW-1","ENSG00000242950",92468380,92477986,"chr7",0,0,0,0,0,0,0,0,0,0,0,0,0,0,0,0,0,0,0,0,0,0,0,0,9606
"ESPL1","ENSG00000135476",53268299,53293638,"chr12",0,0,0,0,0,0,0,0,0,0,0,0,0,0,0,0,0,0,0,0,0,0,0,0,25339
"ETS1","ENSG00000134954",128458761,128587558,"chr11",0,0,0,0,0,0,0,0,0,0,0,0,0,0,0,0,0,0,0,0,0,0,0,0,128797
"ETS2","ENSG00000157557",38805183,38824955,"chr21",0,0,0,0,0,0,0,0,0,0,0,0,0,0,0,0,0,0,0,0,0,0,0,0,19772
"ETV1","ENSG00000006468",13891229,13991425,"chr7",0,0,0,0,0,0,0,0,0,0,0,0,0,0,0,0,0,0,0,0,0,0,0,0,100196
"ETV3","ENSG00000117036",157121191,157138474,"chr1",0,0,0,0,0,0,0,0,0,0,0,0,0,0,0,0,0,0,0,0,0,0,0,0,17283
"ETV4","ENSG00000175832",43527844,43579620,"chr17",0,0,0,0,0,0,0,0,0,0,0,0,0,0,0,0,0,0,0,0,0,0,0,0,51776
"ETV6","ENSG00000139083",11649674,11895377,"chr12",0,0,0,0,0,0,0,0,0,0,0,0,0,0,0,0,0,0,0,0,0,0,0,0,245703
"EVI2A","ENSG00000126860",31316410,31321749,"chr17",0,0,0,0,0,0,0,0,0,0,0,0,0,0,0,0,0,0,0,0,0,0,0,0,5339
"EVI5","ENSG00000067208",92508696,92792404,"chr1",0,0,0,0,0,0,0,0,0,0,0,0,0,0,0,0,0,0,0,0,0,0,0,0,283708
"EWSR1","ENSG00000182944",29268009,29300525,"chr22",0,0,0,0,0,0,0,0,0,0,0,0,0,0,0,0,0,0,0,0,0,0,0,0,32516
"EZH2","ENSG00000106462",148807383,148884321,"chr7",0,0,0,0,0,0,0,0,0,0,0,0,0,0,0,0,0,0,0,0,0,0,0,0,76938
"FAM189B","ENSG00000262666",155262609,155270887,"chrCHR_HSCHR1_2_CTG31",0,0,0,0,0,0,0,0,0,0,0,0,0,0,0,0,0,0,0,0,0,0,0,0,8278
"FAM189B","ENSG00000160767",155247205,155255483,"chr1",0,0,0,0,0,0,0,0,0,0,0,0,0,0,0,0,0,0,0,0,0,0,0,0,8278
"FAM72A","ENSG00000196550",206186179,206204414,"chr1",0,0,0,0,0,0,0,0,0,0,0,0,0,0,0,0,0,0,0,0,0,0,0,0,18235
"FAM83D","ENSG00000101447",38926312,38953106,"chr20",1,0,0,0,0,0,0,0,0,0,0,0,0,0,0,0,0,0,0,0,0,0,0,0,26794
"FASN","ENSG00000169710",82078338,82098294,"chr17",0,0,0,0,0,0,0,0,0,0,0,0,0,0,0,0,0,0,0,0,0,0,0,0,19956
"FDPS","ENSG00000160752",155308748,155320666,"chr1",0,0,0,0,0,0,0,0,0,0,0,0,0,0,0,0,0,0,0,0,0,0,0,0,11918
"FES","ENSG00000182511",90883695,90895776,"chr15",0,0,0,0,0,0,0,0,0,0,0,0,0,0,0,0,0,0,0,0,0,0,0,0,12081
"FEV","ENSG00000163497",218981087,218985184,"chr2",0,0,0,0,0,0,0,0,0,0,0,0,0,0,0,0,0,0,0,0,0,0,0,0,4097
"FEZF1","ENSG00000128610",122301303,122310691,"chr7",0,0,0,0,0,0,0,0,0,0,0,0,0,0,0,0,0,0,0,0,0,0,0,0,9388
"FGF10","ENSG00000070193",44300247,44389706,"chr5",0,0,0,0,0,0,1,0,0,0,0,0,0,0,0,0,0,0,0,0,0,0,0,0,89459
"FGF3","ENSG00000186895",69809968,69819416,"chr11",0,0,1,0,0,0,0,0,2,0,0,0,0,0,0,0,1,0,0,0,0,0,0,0,9448
"FGF4","ENSG00000075388",69771022,69775341,"chr11",0,0,0,0,0,0,0,0,1,0,0,0,0,0,0,0,0,0,0,0,0,0,0,0,4319
"FGF5","ENSG00000138675",80266599,80336680,"chr4",0,0,0,0,0,0,0,0,0,0,0,0,0,0,0,0,0,0,0,0,0,0,0,0,70081
"FGF6","ENSG00000111241",4428155,4445614,"chr12",0,0,0,0,0,0,2,0,0,0,0,0,0,0,0,0,0,0,0,0,0,0,0,0,17459
"FGF8","ENSG00000107831",101770130,101780369,"chr10",0,0,0,0,0,0,0,0,0,0,0,0,0,0,0,0,0,0,0,0,0,0,0,0,10239
"FGFR1","ENSG00000077782",38400215,38468834,"chr8",0,0,0,0,0,0,2,0,0,0,0,0,1,0,0,0,0,0,0,0,0,0,0,0,68619
"FGFR2","ENSG00000066468",121478332,121598458,"chr10",0,0,0,0,0,0,0,0,0,0,0,0,0,0,0,0,0,0,0,0,0,0,0,0,120126
"FGFR3","ENSG00000068078",1793293,1808872,"chr4",0,1,0,0,0,0,0,0,0,0,0,0,0,0,0,0,0,0,0,0,0,0,0,0,15579
"FGFR4","ENSG00000160867",177086905,177098144,"chr5",0,0,0,0,0,0,1,0,0,0,0,0,0,0,0,0,0,0,0,0,0,0,0,0,11239
"FGR","ENSG00000000938",27612064,27635185,"chr1",0,0,0,0,0,0,0,0,0,0,0,0,0,0,0,0,0,0,0,0,0,0,0,0,23121
"FHL2","ENSG00000115641",105357712,105438513,"chr2",0,0,0,0,0,0,0,0,0,0,0,0,0,0,0,0,0,0,0,0,0,0,0,0,80801
"FIP1L1","ENSG00000145216",53377641,53460862,"chr4",0,0,0,0,0,0,2,0,0,0,0,0,0,0,0,0,0,0,0,0,0,0,0,0,83221
"FLI1","ENSG00000151702",128686535,128813267,"chr11",0,0,0,0,0,0,0,0,0,0,0,0,0,0,0,0,0,0,0,0,0,0,0,0,126732
"FLT3","ENSG00000122025",28003274,28100592,"chr13",0,0,0,0,0,0,0,0,0,0,0,0,0,0,0,0,0,0,0,0,0,0,0,0,97318
"FNDC3B","ENSG00000075420",172039578,172401669,"chr3",0,0,1,0,0,0,1,0,0,0,0,0,0,0,0,0,0,0,0,0,0,0,0,0,362091
"FOS","ENSG00000170345",75278826,75282230,"chr14",0,0,0,0,0,0,0,0,0,0,0,0,0,0,0,0,0,0,0,0,0,0,0,0,3404
"FOSL1","ENSG00000175592",65892049,65900573,"chr11",0,0,0,0,0,0,0,0,0,0,0,0,0,0,0,0,0,0,0,0,0,0,0,0,8524
"FOXA1","ENSG00000129514",37589552,37596059,"chr14",0,0,0,0,0,0,1,0,0,0,0,0,0,0,0,0,0,0,0,0,0,0,0,0,6507
"FOXG1","ENSG00000176165",28766787,28770277,"chr14",0,0,0,0,0,0,0,0,0,0,0,1,0,0,0,0,0,0,0,0,0,0,0,0,3490
"FOXM1","ENSG00000111206",2857680,2877174,"chr12",0,0,0,0,0,0,0,0,0,0,0,0,0,0,0,0,0,0,0,0,0,0,0,0,19494
"FOXO1","ENSG00000150907",40555667,40666641,"chr13",0,0,0,0,0,0,0,0,0,0,0,0,0,0,0,0,0,0,0,0,0,0,0,0,110974
"FOXP1","ENSG00000114861",70954708,71583989,"chr3",0,0,0,0,0,0,0,0,0,0,0,0,0,0,0,0,0,0,0,0,0,0,0,0,629281
"FOXQ1","ENSG00000164379",1312098,1314758,"chr6",0,0,0,0,0,0,0,0,0,0,0,0,0,0,0,0,0,0,0,0,0,0,0,0,2660
"FRAT1","ENSG00000165879",97319271,97321915,"chr10",0,0,0,0,0,0,0,0,0,0,0,0,0,0,0,0,0,0,0,0,0,0,0,0,2644
"FUBP1","ENSG00000162613",77944055,77979110,"chr1",0,0,0,0,0,0,0,0,0,1,0,0,0,0,0,0,0,0,0,0,0,0,0,0,35055
"FUS","ENSG00000089280",31180138,31191605,"chr16",0,0,0,0,0,0,0,0,0,0,0,0,0,1,0,0,0,0,0,0,0,0,0,0,11467
"FYN","ENSG00000010810",111660332,111873452,"chr6",0,0,0,0,0,0,0,0,0,0,0,0,0,0,0,0,0,0,0,0,0,0,0,0,213120
"FZD2","ENSG00000180340",44557484,44561262,"chr17",0,0,0,0,0,0,0,0,0,0,0,0,0,0,0,0,0,0,0,0,0,0,0,0,3778
"GAB2","ENSG00000033327",78215293,78418348,"chr11",0,0,0,0,0,0,1,2,0,0,0,0,0,0,0,0,0,0,0,0,0,0,0,0,203055
"GALNT10","ENSG00000164574",154190730,154420984,"chr5",0,0,0,0,0,0,0,0,0,0,0,0,0,0,0,0,0,0,0,0,0,0,0,0,230254
"GALR2","ENSG00000182687",76074781,76077537,"chr17",0,0,0,0,0,0,0,0,0,0,0,0,0,0,0,0,0,0,0,0,0,0,0,0,2756
"GATA1","ENSG00000102145",48786562,48794311,"chrX",0,0,0,0,0,0,0,0,0,0,0,0,0,0,0,0,0,0,0,0,0,0,0,0,7749
"GATA6","ENSG00000141448",22169589,22202528,"chr18",0,0,1,0,0,0,0,0,0,0,0,0,0,0,0,0,0,0,0,0,0,0,0,0,32939
"GFI1","ENSG00000162676",92473043,92486925,"chr1",0,0,0,0,0,0,0,0,0,0,0,0,0,0,0,0,0,0,0,0,0,0,0,0,13882
"GFI1B","ENSG00000165702",132944000,132991687,"chr9",0,0,0,0,0,0,0,0,0,0,0,0,0,0,0,0,0,0,0,0,0,0,0,0,47687
"GLI1","ENSG00000111087",57459785,57472268,"chr12",0,0,0,0,0,0,0,0,0,0,0,0,0,0,0,0,0,0,0,0,0,0,0,0,12483
"GLI2","ENSG00000074047",120735623,120992653,"chr2",0,0,0,0,0,0,0,0,0,0,0,0,0,0,0,0,0,0,0,0,0,0,0,0,257030
"GLI3","ENSG00000106571",41960949,42264100,"chr7",0,0,0,0,0,0,0,0,0,0,0,0,0,0,0,0,0,0,0,0,0,0,0,0,303151
"GLO1","ENSG00000124767",38675925,38703145,"chr6",0,0,0,0,0,0,0,0,0,0,0,1,0,0,0,0,0,0,0,0,0,0,0,0,27220
"GMNN","ENSG00000112312",24774931,24786099,"chr6",0,0,0,0,0,0,0,0,0,0,0,0,0,0,0,0,0,0,0,0,0,0,0,0,11168
"GNA12","ENSG00000146535",2728105,2844308,"chr7",0,0,0,0,0,0,0,0,0,0,0,0,0,0,0,0,0,0,0,0,0,0,0,0,116203
"GNA13","ENSG00000120063",65009289,65056740,"chr17",0,0,0,0,0,0,0,2,0,0,0,0,0,0,0,0,0,0,0,0,0,0,0,0,47451
"GNAI2","ENSG00000114353",50226292,50259362,"chr3",0,0,0,0,0,0,0,0,0,0,0,0,0,0,0,0,0,0,0,0,0,0,0,0,33070
"GNAQ","ENSG00000156052",77716097,78031811,"chr9",0,0,0,0,0,0,0,0,0,0,0,0,0,0,0,0,0,0,0,0,0,0,0,0,315714
"GNAS","ENSG00000087460",58839718,58911192,"chr20",0,0,0,0,0,0,0,1,0,0,0,0,0,0,0,0,0,0,0,0,0,0,0,0,71474
"GOLPH3","ENSG00000113384",32124716,32174319,"chr5",0,0,0,0,0,0,2,0,0,0,0,0,0,0,0,0,0,0,0,0,0,0,0,0,49603
"GOPC","ENSG00000047932",117560269,117602542,"chr6",0,0,0,0,0,0,0,0,0,0,0,0,0,0,0,0,0,0,0,0,0,0,0,0,42273
"GPAT4","ENSG00000158669",41577187,41625001,"chr8",0,0,0,0,0,0,0,2,0,0,0,0,0,0,0,0,0,0,0,0,0,0,0,0,47814
"GPM6A","ENSG00000150625",175632934,176002664,"chr4",0,0,0,0,0,0,0,0,0,0,0,0,0,0,0,0,0,0,0,0,0,0,0,0,369730
"GPM6B","ENSG00000046653",13770939,13938638,"chrX",0,0,1,0,0,0,0,0,0,0,0,0,0,0,0,0,0,0,0,0,0,0,0,0,167699
"GPR132","ENSG00000183484",105049395,105065445,"chr14",0,0,0,0,0,0,0,0,0,0,0,0,0,0,0,0,0,0,0,0,0,0,0,0,16050
"GREM1","ENSG00000276886",32798311,32814964,"chrCHR_HSCHR15_4_CTG8",0,0,0,0,0,0,0,0,0,0,0,0,0,0,0,0,0,0,0,0,0,0,0,0,16653
"GREM1","ENSG00000282046",32248744,32275846,"chrCHR_HSCHR15_6_CTG8",0,0,0,0,0,0,0,0,0,0,0,0,0,0,0,0,0,0,0,0,0,0,0,0,27102
"GREM1","ENSG00000166923",32718004,32745106,"chr15",0,0,0,0,0,0,0,0,0,0,0,0,0,0,0,0,0,0,0,0,0,0,0,0,27102
"GRK3","ENSG00000100077",25564675,25729294,"chr22",0,0,0,0,0,0,0,0,0,0,0,0,0,0,0,0,0,0,0,0,0,0,0,0,164619
"GRM1","ENSG00000152822",146027646,146437601,"chr6",0,0,0,0,0,0,0,0,0,0,0,0,0,0,0,0,0,0,0,0,0,0,0,0,409955
"GSK3A","ENSG00000105723",42226225,42242625,"chr19",0,0,0,0,0,0,0,0,0,0,0,0,0,0,0,0,0,0,0,0,0,0,0,0,16400
"H19","ENSG00000288237",1997195,2003489,"chrCHR_HG28_PATCH",0,0,0,0,0,0,0,0,0,0,0,0,0,0,0,0,0,0,0,0,0,0,0,0,6294
"H19","ENSG00000130600",1995176,2001470,"chr11",0,0,0,0,0,0,0,0,0,0,0,0,0,0,0,0,0,0,0,0,0,0,0,0,6294
"HAS1","ENSG00000105509",51713112,51723991,"chr19",0,0,0,0,0,0,0,0,0,0,0,0,0,0,0,0,0,0,0,0,0,0,0,0,10879
"HAX1","ENSG00000143575",154272589,154275875,"chr1",0,0,0,0,0,0,0,0,0,0,0,0,0,0,0,0,0,0,0,0,0,0,0,0,3286
"HDAC1","ENSG00000116478",32292083,32333635,"chr1",0,0,0,0,0,0,0,0,0,0,0,0,0,0,0,0,0,0,0,0,0,0,0,0,41552
"HES6","ENSG00000144485",238238267,238240662,"chr2",0,0,0,0,0,0,0,0,0,0,0,0,0,0,0,0,0,0,0,0,0,0,0,0,2395
"HHEX","ENSG00000152804",92689955,92695647,"chr10",0,0,0,0,0,0,0,0,0,0,0,0,0,0,0,0,0,0,0,0,0,0,0,0,5692
"HLF","ENSG00000108924",55264960,55325187,"chr17",0,0,1,0,0,0,0,0,0,0,0,0,0,0,0,0,0,0,0,0,0,0,0,0,60227
"HMGA1","ENSG00000137309",34236873,34246231,"chr6",0,0,0,0,0,0,0,0,0,0,0,0,0,0,0,0,0,0,0,0,0,0,0,0,9358
"HMGA2","ENSG00000149948",65824460,65966291,"chr12",0,0,0,0,0,0,0,0,0,0,0,0,1,0,0,0,0,0,0,0,0,0,0,0,141831
"HMGN5","ENSG00000198157",81113699,81201913,"chrX",0,0,0,0,0,0,0,0,0,0,0,0,0,0,0,0,0,0,0,0,0,0,0,0,88214
"HNRNPA1","ENSG00000135486",54280193,54287088,"chr12",0,0,0,0,0,0,0,0,0,0,0,0,0,0,0,0,0,0,0,0,0,0,0,0,6895
"HOTAIR","ENSG00000228630",53962308,53974956,"chr12",0,0,0,0,0,0,0,0,0,0,0,0,0,0,0,0,0,0,0,0,0,0,0,0,12648
"HOTTIP","ENSG00000243766",27198575,27207259,"chr7",0,0,0,0,0,0,0,0,0,0,0,0,0,0,0,0,1,0,0,0,0,0,0,0,8684
"HOXA-AS2","ENSG00000253552",27107777,27134302,"chr7",0,0,0,0,0,0,0,0,0,0,0,0,0,0,0,0,1,0,0,0,0,0,0,0,26525
"HOXA1","ENSG00000105991",27092993,27096000,"chr7",0,0,0,0,0,0,0,0,0,0,0,0,0,0,0,0,1,0,0,0,0,0,0,0,3007
"HOXA9","ENSG00000078399",27162438,27175180,"chr7",0,0,0,0,0,0,0,0,0,0,0,0,0,0,0,0,1,0,0,0,0,0,0,0,12742
"HOXD13","ENSG00000128714",176092721,176095944,"chr2",0,0,0,0,0,0,0,0,0,0,0,0,0,0,0,0,0,0,0,0,0,0,0,0,3223
"HOXD9","ENSG00000128709",176122719,176124937,"chr2",0,0,0,0,0,0,0,0,0,0,0,0,0,0,0,0,0,0,0,0,0,0,0,0,2218
"HRAS","ENSG00000276536",532242,537287,"chrCHR_HSCHR11_1_CTG8",0,0,0,0,0,0,0,0,0,0,0,0,0,0,0,0,0,0,0,0,0,0,0,0,5045
"HRAS","ENSG00000174775",532242,537287,"chr11",0,0,0,0,0,0,0,0,0,0,0,0,0,0,0,0,0,0,0,0,0,0,0,0,5045
"HSPA1A","ENSG00000235941",31882493,31884975,"chrCHR_HSCHR6_MHC_APD_CTG1",0,0,0,0,0,0,0,0,0,0,0,0,0,0,0,0,0,0,0,0,0,0,0,0,2482
"HSPA1A","ENSG00000234475",31797650,31800132,"chrCHR_HSCHR6_MHC_DBB_CTG1",0,0,0,0,0,0,0,0,0,0,0,0,0,0,0,0,0,0,0,0,0,0,0,0,2482
"HSPA1A","ENSG00000215328",31805699,31808181,"chrCHR_HSCHR6_MHC_QBL_CTG1",0,0,0,0,0,0,0,0,0,0,0,0,0,0,0,0,0,0,0,0,0,0,0,0,2482
"HSPA1A","ENSG00000237724",31802834,31805316,"chrCHR_HSCHR6_MHC_COX_CTG1",0,0,0,0,0,0,0,0,0,0,0,0,0,0,0,0,0,0,0,0,0,0,0,0,2482
"HSPA1A","ENSG00000204389",31815543,31817946,"chr6",0,0,0,0,0,0,0,0,0,0,0,0,0,0,0,0,0,0,0,0,0,0,0,0,2403
"HSPA4","ENSG00000170606",133052013,133106449,"chr5",0,0,0,0,0,0,0,0,0,0,0,0,0,0,0,0,0,0,0,0,0,0,0,0,54436
"HSPA5","ENSG00000044574",125234853,125241382,"chr9",0,0,0,0,0,0,0,0,0,0,0,0,0,0,0,0,0,0,0,0,0,0,0,0,6529
"HSPB1","ENSG00000106211",76302673,76304295,"chr7",0,0,0,0,0,0,0,0,0,0,0,0,0,0,0,0,0,0,0,0,0,0,0,0,1622
"HULC","ENSG00000285219",8435568,9294133,"chr6",0,0,0,0,0,0,0,0,0,0,0,0,0,0,0,0,0,0,0,0,0,0,0,0,858565
"ID1","ENSG00000125968",31605283,31606515,"chr20",0,0,0,0,0,0,0,0,0,0,0,0,0,0,0,0,0,0,0,0,0,0,0,0,1232
"ID2","ENSG00000115738",8678845,8684461,"chr2",0,0,0,0,0,0,0,0,0,0,0,0,0,0,0,0,0,0,0,0,0,0,0,0,5616
"IDH1","ENSG00000138413",208236229,208266074,"chr2",0,0,0,0,0,0,0,0,0,0,0,0,0,0,0,0,0,0,0,0,0,0,0,0,29845
"IFNG","ENSG00000111537",68154768,68159740,"chr12",0,0,0,0,0,0,0,0,0,0,0,0,1,0,0,0,0,0,0,0,0,0,0,0,4972
"IGF1R","ENSG00000140443",98648539,98964530,"chr15",0,0,1,0,0,0,0,0,0,0,0,0,0,0,0,0,0,0,0,0,0,0,0,0,315991
"IGF2","ENSG00000167244",2129112,2141238,"chr11",0,0,0,0,0,0,0,0,0,0,0,0,0,0,0,0,0,0,0,0,0,0,0,0,12126
"IGF2BP1","ENSG00000159217",48997385,49056145,"chr17",0,0,0,0,0,0,0,0,0,0,0,0,0,0,0,0,0,0,0,0,0,0,0,0,58760
"IKBKE","ENSG00000263528",206470476,206496889,"chr1",0,0,0,0,0,0,0,0,0,0,0,0,0,0,0,0,0,0,0,0,0,0,0,0,26413
"IKZF1","ENSG00000185811",50304068,50405101,"chr7",0,0,0,0,0,0,0,0,0,0,0,0,0,0,0,0,0,0,0,0,0,0,0,0,101033
"IL7R","ENSG00000168685",35852695,35879603,"chr5",0,0,0,0,0,0,0,0,0,0,0,0,0,0,0,0,0,0,0,0,0,0,0,0,26908
"ILK","ENSG00000166333",6603708,6610874,"chr11",0,0,0,0,0,0,0,0,0,0,0,0,0,0,0,0,0,0,0,0,0,0,0,0,7166
"INPPL1","ENSG00000165458",72223701,72239147,"chr11",0,0,0,0,0,0,0,0,1,0,0,0,0,1,0,0,0,0,0,0,0,0,0,0,15446
"INTS1","ENSG00000164880",1470277,1504389,"chr7",0,0,0,0,0,0,0,0,0,0,0,0,0,0,0,0,0,0,0,0,0,0,0,0,34112
"INTS2","ENSG00000108506",61865367,61928016,"chr17",0,0,0,0,0,0,0,1,0,0,0,0,0,0,0,0,0,0,0,0,0,0,0,0,62649
"INTS3","ENSG00000262826",153745298,153792039,"chrCHR_HSCHR1_1_CTG31",0,0,0,0,0,0,0,0,0,0,0,0,0,0,0,0,0,0,0,0,0,0,0,0,46741
"INTS3","ENSG00000143624",153728050,153774808,"chr1",0,0,1,0,0,0,0,0,0,0,0,0,0,0,0,0,0,0,0,0,0,0,0,0,46758
"INTS4","ENSG00000149262",77878720,77994671,"chr11",0,0,1,0,0,0,1,2,0,0,0,0,0,0,0,0,0,0,0,0,0,0,0,0,115951
"INTS5","ENSG00000185085",62646848,62653302,"chr11",0,1,0,0,0,0,0,0,0,0,0,0,0,0,0,0,0,0,0,0,0,0,0,0,6454
"INTS7","ENSG00000143493",211940399,212035557,"chr1",0,0,0,0,0,0,0,0,0,0,0,0,0,0,0,0,0,0,0,0,0,0,0,0,95158
"INTS8","ENSG00000164941",94813311,94881746,"chr8",0,0,0,0,0,0,0,0,0,0,0,0,0,0,0,0,0,0,0,0,0,0,0,0,68435
"IRF2","ENSG00000168310",184387729,184474550,"chr4",0,0,0,0,0,0,0,0,0,0,0,0,0,0,0,0,0,0,0,0,0,0,0,0,86821
"IRF4","ENSG00000137265",391752,411443,"chr6",0,0,0,0,0,0,0,0,0,0,0,0,0,0,0,0,0,0,0,0,0,0,0,0,19691
"IRS2","ENSG00000185950",109752695,109786583,"chr13",0,0,0,0,0,0,0,0,0,0,0,0,0,0,0,0,0,0,0,0,0,0,0,0,33888
"IST1","ENSG00000182149",71845996,71931199,"chr16",0,0,0,0,0,0,0,0,0,0,0,0,0,0,0,0,0,0,0,0,0,0,0,0,85203
"ITGA3","ENSG00000005884",50055968,50090481,"chr17",0,0,0,0,0,0,0,0,0,0,0,0,0,0,0,0,0,0,0,0,0,0,0,0,34513
"ITK","ENSG00000113263",157142933,157255185,"chr5",0,0,0,0,0,0,0,0,0,0,0,0,0,0,0,0,0,0,0,0,0,0,0,0,112252
"JAK1","ENSG00000162434",64833229,65067754,"chr1",0,0,0,0,0,0,0,0,0,0,0,0,0,0,0,0,0,0,0,0,0,0,0,0,234525
"JAK2","ENSG00000096968",4984390,5129948,"chr9",0,0,0,0,0,0,0,0,0,0,0,0,0,0,0,0,0,0,0,0,0,0,0,0,145558
"JUN","ENSG00000177606",58776845,58784048,"chr1",0,0,0,0,0,0,0,0,0,0,0,0,0,0,0,0,0,0,0,0,0,0,0,0,7203
"JUNB","ENSG00000171223",12791486,12793315,"chr19",0,0,0,0,0,0,0,0,0,0,0,0,0,0,0,0,0,0,0,0,0,0,0,0,1829
"JUND","ENSG00000130522",18279694,18281622,"chr19",0,0,0,0,0,0,0,0,0,0,0,0,0,0,0,0,0,0,0,0,0,0,0,0,1928
"JUP","ENSG00000173801",41754604,41786931,"chr17",0,0,0,0,0,0,0,0,0,0,0,0,0,0,0,0,0,0,0,0,0,0,0,0,32327
"KAT6A","ENSG00000083168",41929479,42051994,"chr8",0,0,0,0,0,0,0,2,0,0,0,0,0,0,0,0,0,0,0,0,0,0,0,0,122515
"KDM2A","ENSG00000173120",67119263,67258082,"chr11",1,0,0,0,0,0,0,1,0,0,0,0,0,2,0,0,0,0,0,0,0,0,0,0,138819
"KDM4C","ENSG00000107077",6720863,7175648,"chr9",0,0,0,0,0,0,0,0,0,0,0,0,0,0,0,0,0,0,0,0,0,0,0,0,454785
"KDM5B","ENSG00000117139",202724495,202808487,"chr1",0,0,0,0,0,0,0,0,0,0,0,0,0,0,0,0,0,0,0,0,0,0,0,0,83992
"KIF14","ENSG00000118193",200551497,200620751,"chr1",0,0,0,0,0,0,0,1,0,0,0,0,0,0,0,0,0,0,0,0,0,0,0,0,69254
"KIT","ENSG00000157404",54657918,54740715,"chr4",0,0,0,0,0,0,1,0,0,0,0,0,0,0,0,0,0,0,0,0,4,0,0,0,82797
"KLF2","ENSG00000127528",16324826,16328685,"chr19",0,0,0,0,0,0,0,0,0,0,0,0,0,0,0,0,0,0,0,0,0,0,0,0,3859
"KLF4","ENSG00000136826",107484852,107490482,"chr9",0,0,0,0,0,0,0,0,0,0,0,0,0,0,0,0,0,0,0,0,0,0,0,0,5630
"KLF5","ENSG00000102554",73054976,73077541,"chr13",0,0,0,0,0,0,0,1,0,0,0,0,0,0,0,0,0,0,0,0,0,0,0,0,22565
"KLF6","ENSG00000067082",3775996,3785281,"chr10",0,0,0,0,0,0,0,0,0,0,0,0,0,0,0,0,0,0,0,0,0,0,0,0,9285
"KLF8","ENSG00000102349",56232356,56291531,"chrX",0,0,0,0,0,0,0,0,0,0,0,0,0,0,0,0,0,0,0,0,0,0,0,0,59175
"KMT2A","ENSG00000118058",118436490,118526832,"chr11",0,0,0,0,0,0,0,0,0,0,0,0,0,0,0,1,0,0,0,0,0,0,0,0,90342
"KRAS","ENSG00000133703",25205246,25250936,"chr12",3,0,0,0,0,0,1,0,0,0,0,0,1,0,0,1,0,0,0,1,0,0,0,0,45690
"KSR2","ENSG00000171435",117453012,117968990,"chr12",0,0,0,0,0,0,1,0,0,0,0,0,0,0,0,0,0,0,0,0,0,0,0,0,515978
"LAMTOR5","ENSG00000134248",110401249,110407942,"chr1",0,0,0,0,0,0,0,0,0,0,0,0,0,0,0,0,0,0,0,0,0,0,0,0,6693
"LAPTM4B","ENSG00000104341",97775057,97853013,"chr8",0,0,0,0,0,0,0,0,0,0,0,0,0,0,0,0,0,0,0,0,0,0,0,0,77956
"LCK","ENSG00000182866",32251239,32286165,"chr1",0,0,0,0,0,0,0,0,0,0,0,0,0,0,0,0,0,0,0,0,0,0,0,0,34926
"LCN2","ENSG00000148346",128149071,128153453,"chr9",0,0,0,0,0,0,0,0,0,0,0,0,0,0,0,0,0,0,0,0,0,0,0,0,4382
"LDHB","ENSG00000111716",21635342,21757857,"chr12",0,0,0,0,0,0,2,0,0,0,0,0,1,0,0,0,0,0,0,1,0,0,0,0,122515
"LEF1","ENSG00000138795",108047545,108168956,"chr4",0,0,0,0,0,0,0,0,0,0,0,0,0,0,0,0,0,0,0,0,0,0,0,0,121411
"LETMD1","ENSG00000050426",51047962,51060424,"chr12",0,0,0,0,0,0,0,0,0,0,0,0,0,0,0,0,0,0,0,0,0,0,0,0,12462
"LHX1","ENSG00000274577",36938617,36946445,"chrCHR_HSCHR17_7_CTG4",0,0,0,0,0,0,0,0,0,0,0,0,0,0,0,0,0,0,0,0,0,0,0,0,7828
"LHX1","ENSG00000273706",36936785,36944612,"chr17",1,0,0,0,0,0,1,3,0,0,0,0,0,0,0,0,0,0,0,0,0,0,0,0,7827
"LIN28A","ENSG00000131914",26410817,26429728,"chr1",0,0,0,0,0,0,0,0,0,0,0,0,0,0,0,0,0,0,0,0,0,0,0,0,18911
"LIN28B","ENSG00000187772",104936616,105083332,"chr6",0,0,0,0,0,0,0,0,0,0,0,0,0,0,0,0,0,0,0,0,0,0,0,0,146716
"LMO1","ENSG00000166407",8224309,8268716,"chr11",0,0,0,0,0,0,0,0,0,0,0,0,0,0,0,0,0,0,0,0,0,0,0,0,44407
"LMO2","ENSG00000135363",33858576,33892076,"chr11",0,0,0,0,0,0,0,0,1,0,0,0,0,0,0,0,0,0,0,0,0,0,0,0,33500
"LMO3","ENSG00000048540",16548372,16610594,"chr12",0,0,0,0,0,0,0,0,0,0,0,0,0,0,0,0,0,0,0,0,0,0,0,0,62222
"LMO4","ENSG00000143013",87328880,87348923,"chr1",0,0,0,0,0,0,0,0,0,0,0,0,0,0,0,0,0,0,0,0,0,0,0,0,20043
"LMX1B","ENSG00000136944",126613928,126701032,"chr9",0,0,0,0,0,0,0,0,0,0,0,0,0,0,0,0,0,0,0,0,0,0,0,0,87104
"LSM1","ENSG00000175324",38163335,38176730,"chr8",0,0,0,0,0,0,2,1,0,0,0,0,1,0,0,0,0,0,0,0,0,0,0,0,13395
"LUADT1","ENSG00000196634",147158925,147180992,"chr6",0,0,0,0,0,0,0,0,0,0,0,0,0,0,0,0,0,0,0,0,0,0,0,0,22067
"MACC1","ENSG00000183742",20134655,20217404,"chr7",0,0,0,0,0,0,0,0,0,0,0,0,0,0,0,0,0,0,0,0,0,0,0,0,82749
"MACROD1","ENSG00000133315",63998558,64166113,"chr11",0,0,0,0,0,0,0,0,0,0,0,0,0,0,0,0,0,0,0,0,0,0,0,0,167555
"MAF","ENSG00000178573",79585843,79600737,"chr16",0,0,0,0,0,0,0,1,0,0,0,0,0,0,0,0,0,0,0,0,0,0,0,0,14894
"MAFA","ENSG00000182759",143419182,143430732,"chr8",0,0,0,0,0,0,0,0,0,0,0,0,0,0,0,0,0,0,0,0,0,0,0,0,11550
"MAFB","ENSG00000204103",40685848,40689236,"chr20",0,0,0,0,0,0,0,0,0,0,0,0,0,0,0,0,0,0,0,0,0,0,0,0,3388
"MAGEA11","ENSG00000185247",149688228,149717268,"chrX",0,0,0,0,0,0,0,0,0,0,0,0,0,0,0,0,0,0,0,0,0,0,0,0,29040
"MALAT1","ENSG00000251562",65497688,65506516,"chr11",0,0,0,0,0,0,0,0,0,0,0,0,0,0,0,0,0,0,0,0,0,0,0,0,8828
"MALT1","ENSG00000172175",58671465,58754477,"chr18",0,0,0,0,0,0,0,0,0,0,0,0,0,0,0,0,0,0,0,0,0,0,0,0,83012
"MAML2","ENSG00000184384",95976598,96343195,"chr11",0,0,0,0,0,0,0,0,0,0,0,0,0,0,0,0,0,0,0,0,0,0,0,0,366597
"MAP3K7","ENSG00000135341",90513573,90587072,"chr6",0,0,0,0,0,0,0,0,0,0,0,0,0,0,0,0,0,0,0,0,0,0,0,0,73499
"MAP3K8","ENSG00000107968",30434021,30461833,"chr10",0,0,0,0,0,0,0,0,0,0,0,0,0,0,0,0,0,0,0,0,0,0,0,0,27812
"MAPRE1","ENSG00000101367",32819954,32850405,"chr20",0,0,1,0,0,0,1,0,0,0,0,0,0,0,0,0,0,0,0,0,0,0,0,0,30451
"MAS1","ENSG00000130368",159890988,159917447,"chr6",0,0,0,0,0,0,0,0,0,0,0,0,0,0,0,0,0,0,0,0,0,0,0,0,26459
"MBD1","ENSG00000141644",50266882,50281774,"chr18",0,0,0,0,0,0,0,0,0,0,0,0,0,0,0,0,0,0,0,0,0,0,0,0,14892
"MCC","ENSG00000171444",113022099,113488823,"chr5",0,0,0,0,0,0,0,0,0,0,0,0,0,0,0,0,0,0,0,0,0,0,0,0,466724
"MCF2","ENSG00000101977",139581770,139708227,"chrX",0,0,0,0,0,0,0,0,0,0,0,0,0,0,0,0,0,0,0,0,0,0,0,0,126457
"MCF2L","ENSG00000126217",112894378,113099742,"chr13",0,0,0,0,0,0,0,0,0,0,0,0,0,0,0,0,0,0,0,0,0,0,0,0,205364
"MCL1","ENSG00000143384",150560895,150579738,"chr1",0,0,0,0,0,1,0,0,0,0,0,0,0,0,0,0,0,0,0,0,0,0,0,0,18843
"MCTS1","ENSG00000288295",120594010,120621159,"chrCHR_HG439_PATCH",0,0,0,0,0,0,0,0,0,0,0,0,0,0,0,0,0,0,0,0,0,0,0,0,27149
"MCTS1","ENSG00000232119",120594010,120621159,"chrX",0,0,0,0,0,0,0,0,0,0,0,0,0,0,0,0,0,0,0,0,0,0,0,0,27149
"MDM2","ENSG00000135679",68808177,68850686,"chr12",0,0,0,0,0,0,0,0,0,0,0,0,1,0,0,0,0,0,0,0,0,0,0,0,42509
"MDM4","ENSG00000198625",204516379,204558120,"chr1",0,0,0,0,0,0,0,0,0,0,0,0,0,0,0,0,0,0,0,0,1,0,0,0,41741
"MECOM","ENSG00000085276",169083499,169663775,"chr3",0,0,1,0,0,0,1,0,0,0,0,0,0,1,0,0,0,0,0,0,0,0,0,0,580276
"MEF2C","ENSG00000081189",88717117,88904257,"chr5",0,0,0,0,0,0,0,0,0,0,0,0,0,0,0,0,0,0,0,0,0,0,0,0,187140
"MEFV","ENSG00000103313",3242027,3256633,"chr16",0,0,0,0,0,0,0,0,0,0,0,0,0,0,0,0,0,0,0,0,0,0,0,0,14606
"MEIS1","ENSG00000143995",66433452,66573869,"chr2",0,0,0,0,0,0,0,0,0,0,0,0,0,0,0,0,0,0,0,0,0,0,0,0,140417
"MERTK","ENSG00000153208",111898607,112029561,"chr2",0,0,0,0,0,0,0,0,0,0,0,0,0,0,0,0,0,0,0,0,0,0,0,0,130954
"MET","ENSG00000105976",116672196,116798377,"chr7",2,0,0,0,0,0,0,0,0,0,0,0,0,0,0,0,0,0,0,0,0,0,0,0,126181
"MFHAS1","ENSG00000285022",11063643,11170702,"chrCHR_HG76_PATCH",0,0,0,0,0,0,0,0,0,0,0,0,0,0,0,0,0,0,0,0,0,0,0,0,107059
"MFHAS1","ENSG00000147324",8783354,8893630,"chr8",0,0,0,0,0,0,0,0,0,0,0,0,0,0,0,0,0,0,0,0,0,0,0,0,110276
"MFNG","ENSG00000100060",37469063,37486393,"chr22",0,0,0,0,0,0,0,0,0,0,0,0,0,0,0,0,0,0,0,0,0,0,0,0,17330
"MIEN1","ENSG00000141741",39728496,39730532,"chr17",1,0,0,0,0,0,0,0,0,0,0,0,0,0,0,0,0,0,0,0,0,0,0,0,2036
"MIR100HG","ENSG00000255248",122028325,122556721,"chr11",0,0,0,0,0,0,0,0,0,0,0,0,0,0,0,0,0,0,0,0,0,0,0,0,528396
"MIR106B","ENSG00000208036",100093993,100094074,"chr7",0,0,0,0,0,0,0,0,0,0,0,0,0,0,0,0,0,0,0,0,0,0,0,0,81
"MIR107","ENSG00000198997",89592747,89592827,"chr10",0,0,0,0,0,0,0,0,0,0,0,0,0,0,0,0,0,0,0,0,0,0,0,0,80
"MIR10B","ENSG00000207744",176150303,176150412,"chr2",0,0,0,0,0,0,0,0,0,0,0,0,0,0,0,0,0,0,0,0,0,0,0,0,109
"MIR125B1","ENSG00000207971",122099757,122099844,"chr11",0,0,0,0,0,0,0,0,0,0,0,0,0,0,0,0,0,0,0,0,0,0,0,0,87
"MIR128-1","ENSG00000207654",135665397,135665478,"chr2",0,0,0,0,0,0,0,0,0,0,0,0,0,0,0,0,0,0,0,0,0,0,0,0,81
"MIR130A","ENSG00000208009",57641198,57641286,"chr11",0,0,0,0,0,0,0,0,0,0,0,0,0,0,0,0,0,0,0,0,0,0,0,0,88
"MIR130B","ENSG00000283871",21653304,21653385,"chr22",0,0,0,0,0,0,0,0,0,0,0,0,0,0,0,0,0,0,0,0,0,0,0,0,81
"MIR133B","ENSG00000199080",52148923,52149041,"chr6",0,0,0,0,0,0,0,0,0,0,0,0,0,0,0,0,0,0,0,0,0,0,0,0,118
"MIR135A1","ENSG00000207926",52294219,52294308,"chr3",0,0,0,0,0,0,0,0,0,0,0,0,0,0,0,0,0,0,0,0,0,0,0,0,89
"MIR135B","ENSG00000199059",205448302,205448398,"chr1",0,0,0,0,0,0,0,0,0,0,0,0,0,0,0,0,0,0,0,0,0,0,0,0,96
"MIR146B","ENSG00000202569",102436512,102436584,"chr10",0,0,0,0,0,0,0,0,0,0,0,0,0,0,0,0,0,0,0,0,0,0,0,0,72
"MIR149","ENSG00000207611",240456001,240456089,"chr2",0,0,0,0,0,0,0,0,0,0,0,0,0,0,0,0,0,0,0,0,0,0,0,0,88
"MIR150","ENSG00000207782",49500785,49500868,"chr19",0,0,0,0,0,0,0,0,0,0,0,0,0,0,0,0,0,0,0,0,0,0,0,0,83
"MIR151A","ENSG00000254324",140732564,140732653,"chr8",0,0,0,0,0,0,0,1,0,0,0,1,0,0,0,0,0,0,0,0,0,0,0,0,89
"MIR155","ENSG00000283904",25573980,25574044,"chr21",0,0,0,0,0,0,0,0,0,0,0,0,0,0,0,0,0,0,0,0,0,0,0,0,64
"MIR155HG","ENSG00000234883",25561909,25575168,"chr21",0,0,0,0,0,0,0,0,0,0,0,0,0,0,0,0,0,0,0,0,0,0,0,0,13259
"MIR16-1","ENSG00000208006",50048973,50049061,"chr13",0,0,0,0,0,0,0,0,0,0,0,0,0,0,0,0,0,0,0,0,0,0,0,0,88
"MIR17","ENSG00000284536",91350605,91350688,"chr13",0,0,0,0,0,0,1,1,0,0,0,0,0,0,0,0,0,0,0,0,0,0,0,0,83
"MIR17HG","ENSG00000215417",91347820,91354579,"chr13",0,0,0,0,0,0,1,1,0,0,0,0,0,0,0,0,0,0,0,0,0,0,0,0,6759
"MIR182","ENSG00000207990",129770383,129770492,"chr7",0,0,0,0,0,0,0,0,0,0,0,0,0,0,0,0,0,0,0,0,0,0,0,0,109
"MIR183","ENSG00000207691",129774905,129775014,"chr7",0,0,0,0,0,0,0,0,0,0,0,0,0,0,0,0,0,0,0,0,0,0,0,0,109
"MIR184","ENSG00000207695",79209788,79209871,"chr15",0,0,0,0,0,0,0,0,0,0,0,0,0,0,0,0,0,0,0,0,0,0,0,0,83
"MIR18A","ENSG00000283815",91350751,91350821,"chr13",0,0,0,0,0,0,1,1,0,0,0,0,0,0,0,0,0,0,0,0,0,0,0,0,70
"MIR1908","ENSG00000284416",61815161,61815240,"chr11",0,0,0,0,0,0,0,0,0,0,0,0,0,0,0,0,0,0,0,0,0,0,0,0,79
"MIR191","ENSG00000207605",49020618,49020709,"chr3",0,0,0,0,0,0,0,0,0,0,0,0,0,0,0,0,0,0,0,0,0,0,0,0,91
"MIR196A1","ENSG00000210741",48632490,48632559,"chr17",0,0,0,0,0,0,0,1,0,0,0,0,0,0,0,0,0,0,0,0,0,0,0,0,69
"MIR199A1","ENSG00000207752",10817426,10817496,"chr19",0,0,0,0,0,0,0,0,0,0,0,0,0,0,0,0,0,0,0,0,0,0,0,0,70
"MIR19A","ENSG00000284204",91350891,91350972,"chr13",0,0,0,0,0,0,1,1,0,0,0,0,0,0,0,0,0,0,0,0,0,0,0,0,81
"MIR19B1","ENSG00000284375",91351192,91351278,"chr13",0,0,0,0,0,0,1,1,0,0,0,0,0,0,0,0,0,0,0,0,0,0,0,0,86
"MIR200C","ENSG00000207713",6963699,6963766,"chr12",0,0,0,0,0,0,0,0,0,0,0,0,0,0,0,0,0,0,0,0,0,0,0,0,67
"MIR20A","ENSG00000283762",91351065,91351135,"chr13",0,0,0,0,0,0,1,1,0,0,0,0,0,0,0,0,0,0,0,0,0,0,0,0,70
"MIR20B","ENSG00000284043",134169809,134169877,"chrX",0,0,0,0,0,0,0,0,0,0,0,0,0,0,0,0,0,0,0,0,0,0,0,0,68
"MIR21","ENSG00000284190",59841266,59841337,"chr17",0,0,0,0,0,0,0,3,0,0,0,0,0,0,0,0,0,0,0,0,0,0,0,0,71
"MIR212","ENSG00000267195",2050271,2050380,"chr17",0,0,0,0,0,0,0,0,0,0,0,0,0,0,0,0,0,0,0,0,0,0,0,0,109
"MIR221","ENSG00000207870",45746157,45746266,"chrX",0,0,0,0,0,0,0,0,0,0,0,0,0,0,0,0,0,0,0,0,0,0,0,0,109
"MIR222","ENSG00000207725",45747015,45747124,"chrX",0,0,0,0,0,0,0,0,0,0,0,0,0,0,0,0,0,0,0,0,0,0,0,0,109
"MIR223","ENSG00000284567",66018870,66018979,"chrX",0,0,0,0,0,0,0,0,0,0,0,0,0,0,0,0,0,0,0,0,0,0,0,0,109
"MIR224","ENSG00000284363",151958578,151958658,"chrX",0,0,0,0,0,0,0,0,0,0,0,0,0,0,0,0,0,0,0,0,0,0,0,0,80
"MIR23A","ENSG00000288462",13836587,13836659,"chrCHR_HG109_PATCH",0,0,0,0,0,0,0,0,0,0,0,0,0,0,0,0,0,0,0,0,0,0,0,0,72
"MIR23A","ENSG00000207980",13836587,13836659,"chr19",0,0,0,0,0,0,0,0,0,0,0,0,0,0,0,0,0,0,0,0,0,0,0,0,72
"MIR23B","ENSG00000207563",95085208,95085304,"chr9",1,0,0,0,0,0,0,0,0,0,0,0,0,0,0,0,0,0,0,0,0,0,0,0,96
"MIR27A","ENSG00000288183",13836440,13836517,"chrCHR_HG109_PATCH",0,0,0,0,0,0,0,0,0,0,0,0,0,0,0,0,0,0,0,0,0,0,0,0,77
"MIR27A","ENSG00000207808",13836440,13836517,"chr19",0,0,0,0,0,0,0,0,0,0,0,0,0,0,0,0,0,0,0,0,0,0,0,0,77
"MIR301A","ENSG00000207996",59151136,59151221,"chr17",0,0,0,0,0,0,0,2,0,0,0,0,0,0,0,0,0,0,0,0,0,0,0,0,85
"MIR31","ENSG00000199177",21512115,21512185,"chr9",0,0,0,0,0,0,0,0,0,0,0,0,0,0,0,0,0,0,0,0,0,0,0,0,70
"MIR330","ENSG00000284544",45638994,45639087,"chr19",1,0,0,0,0,0,0,0,0,0,0,0,0,0,0,0,0,0,0,0,0,0,0,0,93
"MIR335","ENSG00000199043",130496111,130496204,"chr7",0,0,0,0,0,0,0,0,0,0,0,1,0,0,0,0,0,0,0,0,0,0,0,0,93
"MIR34A","ENSG00000284357",9151668,9151777,"chr1",0,0,0,0,0,0,2,0,0,0,0,0,0,0,0,0,0,0,0,0,0,0,0,0,109
"MIR34B","ENSG00000207811",111512938,111513021,"chr11",0,0,0,0,0,0,0,0,0,0,0,0,0,0,0,0,0,0,0,0,0,0,0,0,83
"MIR372","ENSG00000199095",53787890,53787956,"chr19",0,0,0,0,0,0,0,0,0,0,0,0,0,0,0,0,0,0,0,0,0,0,0,0,66
"MIR373","ENSG00000199143",53788705,53788773,"chr19",0,0,0,0,0,0,0,0,0,0,0,0,0,0,0,0,0,0,0,0,0,0,0,0,68
"MIR374A","ENSG00000199168",74287286,74287357,"chrX",0,0,0,0,0,0,0,0,0,0,0,0,0,0,0,0,0,0,0,0,0,0,0,0,71
"MIR380","ENSG00000198982",101025017,101025077,"chr14",0,0,0,0,0,0,0,0,0,0,0,0,0,0,0,0,0,0,0,0,0,0,0,0,60
"MIR421","ENSG00000202566",74218377,74218461,"chrX",0,0,0,0,0,0,0,0,0,0,0,0,0,0,0,0,0,0,0,0,0,0,0,0,84
"MIR423","ENSG00000283935",30117079,30117172,"chr17",0,0,0,0,0,0,1,0,0,0,0,0,0,0,0,0,0,0,0,0,0,0,0,0,93
"MIR454","ENSG00000211514",59137758,59137872,"chr17",0,0,0,0,0,0,0,2,0,0,0,0,0,0,0,0,0,0,0,0,0,0,0,0,114
"MIR483","ENSG00000207805",2134134,2134209,"chr11",0,0,0,0,0,0,0,0,0,0,0,0,0,0,0,0,0,0,0,0,0,0,0,0,75
"MIR485","ENSG00000208027",101055419,101055491,"chr14",0,0,0,0,0,0,0,0,0,0,0,0,0,0,0,0,0,0,0,0,0,0,0,0,72
"MIR506","ENSG00000207731",147230720,147230843,"chrX",0,0,0,0,0,0,0,0,0,0,0,0,0,0,0,0,0,0,0,0,0,0,0,0,123
"MIR507","ENSG00000207969",147230984,147231077,"chrX",0,0,0,0,0,0,0,0,0,0,0,0,0,0,0,0,0,0,0,0,0,0,0,0,93
"MIR513A2","ENSG00000207984",147225826,147225952,"chrX",0,0,0,0,0,0,0,0,0,0,0,0,0,0,0,0,0,0,0,0,0,0,0,0,126
"MIR517A","ENSG00000207734",53712268,53712354,"chr19",0,0,0,0,0,0,0,0,0,0,0,0,0,0,0,0,0,0,0,0,0,0,0,0,86
"MIR517C","ENSG00000207838",53741313,53741407,"chr19",0,0,0,0,0,0,0,0,0,0,0,0,0,0,0,0,0,0,0,0,0,0,0,0,94
"MIR520G","ENSG00000207799",53722166,53722255,"chr19",0,0,0,0,0,0,0,0,0,0,0,0,0,0,0,0,0,0,0,0,0,0,0,0,89
"MIR526B","ENSG00000207580",53694393,53694475,"chr19",0,0,0,0,0,0,0,0,0,0,0,0,0,0,0,0,0,0,0,0,0,0,0,0,82
"MIR544A","ENSG00000207587",101048658,101048748,"chr14",0,0,0,0,0,0,0,0,0,0,0,0,0,0,0,0,0,0,0,0,0,0,0,0,90
"MIR575","ENSG00000207746",82753337,82753430,"chr4",0,0,0,0,0,0,0,0,0,0,0,0,0,0,0,0,0,0,0,0,0,0,0,0,93
"MIR633","ENSG00000207552",62944215,62944312,"chr17",0,0,0,0,0,0,0,2,0,0,0,0,0,0,0,0,0,0,0,0,0,0,0,0,97
"MIR645","ENSG00000208018",50585786,50585879,"chr20",0,0,0,0,0,0,0,3,0,0,0,0,0,0,0,0,0,0,0,0,0,0,0,0,93
"MIR663A","ENSG00000284419",26208186,26208278,"chr20",0,0,0,0,0,0,0,0,0,0,0,0,0,0,0,0,0,0,0,0,0,0,0,0,92
"MIR7-1","ENSG00000284179",83969748,83969857,"chr9",0,0,0,0,0,0,0,0,0,0,0,0,0,0,0,0,0,0,0,0,0,0,0,0,109
"MIR708","ENSG00000211997",79402022,79402109,"chr11",0,0,0,0,0,0,1,1,0,0,0,0,0,0,0,0,0,0,0,0,0,0,0,0,87
"MIR744","ENSG00000266297",12081899,12081996,"chr17",0,0,0,0,0,0,0,0,0,0,0,0,0,1,0,0,0,0,0,0,0,0,0,0,97
"MIR92A1","ENSG00000283705",91351314,91351391,"chr13",0,0,0,0,0,0,1,1,0,0,0,0,0,0,0,0,0,0,0,0,0,0,0,0,77
"MIR92B","ENSG00000284586",155195177,155195272,"chr1",0,0,0,0,0,0,0,0,0,0,0,1,0,0,0,0,0,0,0,0,0,0,0,0,95
"MIR93","ENSG00000207757",100093768,100093847,"chr7",0,0,0,0,0,0,0,0,0,0,0,0,0,0,0,0,0,0,0,0,0,0,0,0,79
"MIR944","ENSG00000216058",189829922,189830009,"chr3",0,0,0,0,0,0,0,0,0,0,0,0,0,0,0,0,0,0,0,0,0,0,0,0,87
"MIR95","ENSG00000207807",8005301,8005381,"chr4",0,0,0,0,0,0,0,0,0,0,0,0,0,0,0,0,0,0,0,0,0,0,0,0,80
"MIR96","ENSG00000199158",129774692,129774769,"chr7",0,0,0,0,0,0,0,0,0,0,0,0,0,0,0,0,0,0,0,0,0,0,0,0,77
"MIR99AHG","ENSG00000215386",15928296,16645467,"chr21",0,0,0,0,0,0,0,0,0,0,0,0,0,0,0,0,0,0,0,0,0,0,0,0,717171
"MITF","ENSG00000187098",69739464,69968336,"chr3",0,0,0,0,0,0,0,0,0,0,0,0,0,0,0,0,0,0,0,0,0,0,0,0,228872
"MLANA","ENSG00000120215",5890889,5910606,"chr9",0,0,0,1,0,0,0,0,0,0,0,0,0,0,0,0,1,0,0,0,0,0,0,0,19717
"MLLT1","ENSG00000130382",6210381,6279975,"chr19",0,0,0,0,0,0,0,0,0,0,0,0,0,0,0,0,0,0,0,0,0,0,0,0,69594
"MLLT11","ENSG00000213190",151060397,151069544,"chr1",0,0,0,0,0,0,1,0,0,0,0,0,0,0,0,0,0,0,0,0,0,0,0,0,9147
"MLLT3","ENSG00000171843",20341669,20622499,"chr9",0,0,0,0,0,0,0,0,0,0,0,0,0,0,0,0,0,0,0,0,0,0,0,0,280830
"MMP12","ENSG00000262406",102862736,102874982,"chr11",0,0,0,0,0,0,0,1,1,0,0,0,0,0,0,0,1,0,0,0,0,0,0,0,12246
"MMS22L","ENSG00000146263",97142161,97283217,"chr6",0,0,0,0,0,0,0,0,0,0,0,0,0,0,0,0,0,0,0,0,0,0,0,0,141056
"MN1","ENSG00000169184",27748277,27801756,"chr22",0,0,0,0,0,0,0,0,0,0,0,0,0,0,0,0,0,0,0,0,0,0,0,0,53479
"MNAT1","ENSG00000020426",60734742,60969965,"chr14",0,0,0,0,0,0,0,0,0,0,0,0,0,0,0,0,0,0,0,0,0,0,0,0,235223
"MOS","ENSG00000172680",56112942,56113982,"chr8",0,0,1,0,0,0,0,0,0,0,0,0,0,0,0,0,0,0,0,0,0,0,0,0,1040
"MPL","ENSG00000117400",43337818,43354466,"chr1",0,0,0,0,0,0,2,0,0,0,0,0,0,0,0,0,0,0,0,0,0,0,0,0,16648
"MPST","ENSG00000128309",37019635,37029821,"chr22",0,0,0,0,0,0,0,0,0,0,0,0,0,0,0,0,0,0,0,0,0,0,0,0,10186
"MRAS","ENSG00000158186",138347648,138405534,"chr3",0,0,0,0,0,0,0,0,0,0,0,0,0,0,0,0,0,0,0,0,0,0,0,0,57886
"MRE11","ENSG00000020922",94415570,94493885,"chr11",0,0,0,0,0,0,0,0,0,0,0,0,0,0,0,0,0,0,0,0,0,0,0,0,78315
"MRTFB","ENSG00000186260",14071319,14266773,"chr16",0,0,0,0,0,0,0,0,0,0,0,0,0,0,0,0,0,0,0,0,0,0,0,0,195454
"MSI1","ENSG00000135097",120341330,120369164,"chr12",0,0,0,0,0,0,1,0,0,0,0,0,0,0,0,0,0,0,0,0,0,0,0,0,27834
"MST1R","ENSG00000164078",49887002,49903873,"chr3",0,0,0,0,0,0,0,0,0,0,0,0,0,0,0,0,0,0,0,0,0,0,0,0,16871
"MTCP1","ENSG00000214827",155064034,155147937,"chrX",0,0,0,0,0,0,0,0,0,0,0,0,0,0,0,0,0,0,0,0,0,0,0,0,83903
"MTDH","ENSG00000147649",97644184,97730260,"chr8",0,0,0,0,0,0,0,1,0,0,0,0,0,0,0,0,0,0,0,0,0,0,0,0,86076
"MTOR","ENSG00000198793",11106535,11262551,"chr1",1,0,0,0,0,0,0,0,0,0,0,0,0,0,0,0,0,0,0,0,0,0,0,0,156016
"MUC1","ENSG00000185499",155185824,155192916,"chr1",0,0,0,0,0,0,0,0,0,0,0,1,0,0,0,0,0,0,0,0,0,0,0,0,7092
"MUC4","ENSG00000278468",195746774,195792809,"chrCHR_HSCHR3_4_CTG3",0,0,0,0,0,0,0,0,0,0,0,0,0,0,0,0,0,0,0,0,0,0,0,0,46035
"MUC4","ENSG00000276613",195747140,195791872,"chrCHR_HSCHR3_8_CTG3",0,0,0,0,0,0,0,0,0,0,0,0,0,0,0,0,0,0,0,0,0,0,0,0,44732
"MUC4","ENSG00000273984",195745705,195790439,"chrCHR_HSCHR3_7_CTG3",0,0,0,0,0,0,0,0,0,0,0,0,0,0,0,0,0,0,0,0,0,0,0,0,44734
"MUC4","ENSG00000273822",195744429,195789161,"chrCHR_HSCHR3_3_CTG3",0,0,0,0,0,0,0,0,0,0,0,0,0,0,0,0,0,0,0,0,0,0,0,0,44732
"MUC4","ENSG00000278303",195744993,195789727,"chrCHR_HSCHR3_5_CTG3",0,0,0,0,0,0,0,0,0,0,0,0,0,0,0,0,0,0,0,0,0,0,0,0,44734
"MUC4","ENSG00000275164",195747176,195811179,"chrCHR_HSCHR3_6_CTG3",0,0,0,0,0,0,0,0,0,0,0,0,0,0,0,0,0,0,0,0,0,0,0,0,64003
"MUC4","ENSG00000277585",195746765,195819600,"chrCHR_HSCHR3_1_CTG3",0,0,0,0,0,0,0,0,0,0,0,0,0,0,0,0,0,0,0,0,0,0,0,0,72835
"MUC4","ENSG00000145113",195746765,195811973,"chr3",0,0,0,0,0,0,1,0,0,0,0,0,0,0,0,0,0,0,0,0,0,0,0,0,65208
"MYB","ENSG00000118513",135181308,135219173,"chr6",0,0,0,0,0,0,0,1,0,0,0,1,0,0,0,0,0,0,0,0,0,0,0,0,37865
"MYC","ENSG00000136997",127735434,127742951,"chr8",0,0,0,0,0,0,6,3,0,0,0,1,0,0,0,0,0,0,0,0,0,0,0,0,7517
"MYCL","ENSG00000116990",39895426,39902256,"chr1",0,0,0,0,0,0,9,0,0,0,0,0,0,0,0,0,0,0,0,0,0,0,0,0,6830
"MYCN","ENSG00000134323",15940550,15947007,"chr2",0,0,0,0,0,0,1,0,0,0,1,0,0,0,0,0,0,0,0,0,3,0,0,0,6457
"MYD88","ENSG00000172936",38138478,38143022,"chr3",0,0,0,0,0,0,0,0,0,0,0,0,0,0,0,0,0,0,0,0,0,0,0,0,4544
"NAAA","ENSG00000138744",75913660,75941013,"chr4",0,0,0,0,0,0,0,0,0,0,0,0,0,0,0,0,0,0,0,0,0,0,0,0,27353
"NANOG","ENSG00000111704",7787794,7799146,"chr12",0,0,0,0,0,0,0,0,0,0,0,0,0,0,0,0,0,0,0,0,0,0,0,0,11352
"NANOGP8","ENSG00000255192",35083410,35085295,"chr15",0,0,0,0,0,0,0,0,0,0,0,0,0,0,0,0,0,0,0,0,0,0,0,0,1885
"NBPF12","ENSG00000268043",146938744,146996202,"chr1",0,0,0,0,0,0,0,0,0,0,0,0,0,0,0,0,0,0,0,0,0,0,0,0,57458
"NCOA3","ENSG00000124151",47501887,47656877,"chr20",0,0,0,0,0,0,0,1,0,0,0,0,0,0,0,0,0,0,0,0,0,0,0,0,154990
"NCOA4","ENSG00000266412",46005088,46030623,"chr10",0,0,0,0,0,0,0,0,0,0,0,0,0,0,0,0,0,0,0,0,0,0,0,0,25535
"NEAT1","ENSG00000245532",65422774,65445540,"chr11",0,0,0,0,0,0,0,0,0,0,0,0,0,0,0,0,0,0,0,0,0,0,0,0,22766
"NECTIN4","ENSG00000143217",161070998,161089558,"chr1",0,0,0,0,0,0,0,0,0,0,0,0,0,0,0,0,0,0,0,0,0,0,0,0,18560
"NEDD4","ENSG00000069869",55826922,55993660,"chr15",0,0,0,0,0,0,0,0,0,0,0,0,0,0,0,0,0,0,0,0,0,0,0,0,166738
"NEDD9","ENSG00000111859",11183298,11382348,"chr6",0,0,0,0,0,0,0,0,0,0,0,0,0,0,0,0,0,0,0,0,0,0,0,0,199050
"NET1","ENSG00000173848",5412557,5459056,"chr10",0,0,0,0,0,0,0,0,0,0,0,0,0,0,0,0,0,0,0,0,0,0,0,0,46499
"NFIB","ENSG00000147862",14081843,14398983,"chr9",0,0,0,0,0,0,0,0,0,0,0,0,0,0,0,0,0,0,0,0,0,0,0,0,317140
"NFKB2","ENSG00000077150",102394110,102402524,"chr10",0,0,0,0,0,0,0,0,0,0,0,0,0,0,0,0,0,0,0,0,0,0,0,0,8414
"NINL","ENSG00000101004",25452697,25585531,"chr20",0,0,0,0,0,0,0,0,0,0,0,0,0,0,0,0,0,0,0,0,0,0,0,0,132834
"NKX2-1","ENSG00000136352",36516392,36521149,"chr14",0,0,0,0,0,0,3,0,0,0,0,0,0,0,0,0,0,0,0,0,0,0,0,0,4757
"NME1","ENSG00000239672",51153559,51162428,"chr17",0,0,0,0,0,0,0,1,0,0,0,0,0,0,0,0,0,0,0,0,0,0,0,0,8869
"NOTCH1","ENSG00000148400",136494433,136546048,"chr9",0,0,0,0,0,0,0,0,0,0,0,0,0,0,0,0,0,0,0,0,0,0,0,0,51615
"NOTCH4","ENSG00000238196",32261849,32271406,"chrCHR_HSCHR6_MHC_APD_CTG1",0,0,0,0,0,0,0,0,0,0,0,0,0,0,0,0,0,0,0,0,0,0,0,0,9557
"NOTCH4","ENSG00000232339",32234228,32263476,"chrCHR_HSCHR6_MHC_MANN_CTG1",0,0,0,0,0,0,0,0,0,0,0,0,0,0,0,0,0,0,0,0,0,0,0,0,29248
"NOTCH4","ENSG00000234876",32202513,32231740,"chrCHR_HSCHR6_MHC_SSTO_CTG1",0,0,0,0,0,0,0,0,0,0,0,0,0,0,0,0,0,0,0,0,0,0,0,0,29227
"NOTCH4","ENSG00000223355",32271266,32300513,"chrCHR_HSCHR6_MHC_MCF_CTG1",0,0,0,0,0,0,0,0,0,0,0,0,0,0,0,0,0,0,0,0,0,0,0,0,29247
"NOTCH4","ENSG00000206312",32152449,32181676,"chrCHR_HSCHR6_MHC_QBL_CTG1",0,0,0,0,0,0,0,0,0,0,0,0,0,0,0,0,0,0,0,0,0,0,0,0,29227
"NOTCH4","ENSG00000235396",32143311,32172533,"chrCHR_HSCHR6_MHC_COX_CTG1",0,0,0,0,0,0,0,0,0,0,0,0,0,0,0,0,0,0,0,0,0,0,0,0,29222
"NOTCH4","ENSG00000204301",32194843,32224067,"chr6",0,0,0,0,0,0,0,0,0,0,0,0,0,0,0,0,0,0,0,0,0,0,0,0,29224
"NPM1","ENSG00000181163",171387116,171411810,"chr5",0,0,0,0,0,0,1,0,0,0,0,0,0,0,0,0,0,0,0,0,0,0,0,0,24694
"NRAS","ENSG00000213281",114704469,114716771,"chr1",0,0,0,0,0,0,0,1,0,0,0,0,0,0,0,0,0,0,0,0,0,0,0,0,12302
"NSD1","ENSG00000165671",177133025,177300213,"chr5",0,0,0,0,0,0,1,0,0,0,0,0,0,0,0,0,0,0,0,0,0,0,0,0,167188
"NSD2","ENSG00000109685",1871393,1982207,"chr4",0,0,0,0,0,0,0,0,0,0,0,0,0,0,0,0,0,0,0,0,0,0,0,0,110814
"NSD3","ENSG00000147548",38269704,38382272,"chr8",0,0,0,0,0,0,2,1,0,0,0,0,1,0,0,0,0,0,0,0,0,0,0,0,112568
"NTRK1","ENSG00000198400",156815640,156881850,"chr1",0,0,0,0,0,0,0,0,0,0,0,0,0,0,0,0,0,0,0,0,0,0,0,0,66210
"NTRK3","ENSG00000140538",87859751,88256768,"chr15",0,0,0,0,0,0,0,0,0,0,0,0,0,0,0,0,0,0,0,0,0,0,0,0,397017
"NUAK2","ENSG00000163545",205302063,205321745,"chr1",0,0,0,0,0,0,0,0,0,0,0,0,0,0,0,0,0,0,0,0,0,0,0,0,19682
"NUP214","ENSG00000126883",131125586,131234663,"chr9",0,0,0,0,0,0,0,0,0,0,0,0,0,0,0,0,0,0,0,0,0,0,0,0,109077
"NUP98","ENSG00000110713",3671083,3797792,"chr11",0,0,0,0,0,0,0,0,0,0,0,0,0,0,0,0,0,0,0,0,0,0,0,0,126709
"NUTM1","ENSG00000184507",34343315,34357737,"chr15",0,0,0,0,0,0,0,0,0,0,0,0,0,0,0,0,0,0,0,0,0,0,0,0,14422
"OLR1","ENSG00000173391",10158301,10172138,"chr12",0,0,0,0,0,0,0,0,0,0,0,0,0,0,0,0,0,0,0,0,0,0,0,0,13837
"OTX2","ENSG00000165588",56799905,56816693,"chr14",0,0,0,0,0,0,1,0,0,0,0,0,0,0,0,0,0,0,0,0,0,0,0,0,16788
"PA2G4","ENSG00000170515",56104537,56113910,"chr12",0,0,0,0,0,0,0,0,0,0,0,0,0,0,0,0,0,0,0,0,0,0,0,0,9373
"PADI2","ENSG00000117115",17066761,17119451,"chr1",0,0,0,0,0,0,0,0,0,0,0,0,0,0,0,0,0,0,0,0,0,0,0,0,52690
"PAK1","ENSG00000149269",77322017,77474635,"chr11",0,0,1,0,0,0,1,2,0,0,0,0,0,0,0,0,0,0,0,0,0,0,0,0,152618
"PARK7","ENSG00000116288",7954291,7985505,"chr1",0,0,0,0,0,0,0,0,0,0,0,0,0,0,0,0,0,0,0,0,0,0,0,0,31214
"PARM1","ENSG00000169116",74933095,75050115,"chr4",0,0,0,0,0,0,0,0,0,0,0,0,0,0,0,0,0,0,0,0,0,0,0,0,117020
"PATZ1","ENSG00000100105",31325804,31346346,"chr22",0,0,0,0,0,0,0,0,0,0,0,0,0,0,0,0,0,0,0,0,0,0,0,0,20542
"PAX2","ENSG00000075891",100735396,100829944,"chr10",0,0,0,0,0,0,0,0,0,0,0,0,0,0,0,0,0,0,0,0,0,0,0,0,94548
"PAX3","ENSG00000135903",222199887,222298998,"chr2",0,0,0,0,0,0,1,0,0,0,0,0,0,0,0,0,0,0,0,0,0,0,0,0,99111
"PAX4","ENSG00000106331",127610292,127618142,"chr7",0,0,0,0,0,0,0,0,0,0,0,0,0,0,0,0,0,0,0,0,0,0,0,0,7850
"PAX8","ENSG00000125618",113215997,113278921,"chr2",0,0,0,0,0,0,0,0,0,0,0,0,0,0,0,0,0,0,0,0,0,0,0,0,62924
"PBK","ENSG00000168078",27809624,27838082,"chr8",0,0,0,0,0,0,0,0,0,0,0,0,0,0,0,0,0,0,0,0,0,0,0,0,28458
"PBX1","ENSG00000185630",164555584,164899296,"chr1",0,0,0,0,0,0,0,0,0,0,0,0,0,0,0,0,0,0,0,0,0,0,0,0,343712
"PBX2","ENSG00000225987",32251742,32257192,"chrCHR_HSCHR6_MHC_APD_CTG1",0,0,0,0,0,0,0,0,0,0,0,0,0,0,0,0,0,0,0,0,0,0,0,0,5450
"PBX2","ENSG00000232005",32224129,32229571,"chrCHR_HSCHR6_MHC_MANN_CTG1",0,0,0,0,0,0,0,0,0,0,0,0,0,0,0,0,0,0,0,0,0,0,0,0,5442
"PBX2","ENSG00000224952",32192405,32197856,"chrCHR_HSCHR6_MHC_SSTO_CTG1",0,0,0,0,0,0,0,0,0,0,0,0,0,0,0,0,0,0,0,0,0,0,0,0,5451
"PBX2","ENSG00000236353",32261167,32266609,"chrCHR_HSCHR6_MHC_MCF_CTG1",0,0,0,0,0,0,0,0,0,0,0,0,0,0,0,0,0,0,0,0,0,0,0,0,5442
"PBX2","ENSG00000206315",32142341,32147792,"chrCHR_HSCHR6_MHC_QBL_CTG1",0,0,0,0,0,0,0,0,0,0,0,0,0,0,0,0,0,0,0,0,0,0,0,0,5451
"PBX2","ENSG00000237344",32133204,32138654,"chrCHR_HSCHR6_MHC_COX_CTG1",0,0,0,0,0,0,0,0,0,0,0,0,0,0,0,0,0,0,0,0,0,0,0,0,5450
"PBX2","ENSG00000204304",32184733,32190202,"chr6",0,0,0,0,0,0,0,0,0,0,0,0,0,0,0,0,0,0,0,0,0,0,0,0,5469
"PCAT1","ENSG00000253438",126556323,127419050,"chr8",1,0,0,0,0,0,0,2,0,0,0,1,0,0,0,0,0,0,0,0,0,0,0,0,862727
"PCAT5","ENSG00000280719",35778302,35800920,"chr10",0,0,0,0,0,0,0,0,0,0,0,0,0,0,0,0,0,0,0,0,0,0,0,0,22618
"PDGFA","ENSG00000197461",497258,520296,"chr7",0,0,0,0,0,0,0,0,0,0,0,0,0,0,0,0,0,0,0,0,0,0,0,0,23038
"PDGFB","ENSG00000100311",39223359,39244982,"chr22",0,0,0,0,0,0,0,0,0,0,0,0,0,0,0,0,0,0,0,0,0,0,0,0,21623
"PDGFRA","ENSG00000134853",54229280,54298245,"chr4",0,0,0,0,0,0,1,0,0,0,0,0,0,0,0,0,0,0,0,0,0,0,0,0,68965
"PDGFRB","ENSG00000113721",150113839,150155872,"chr5",0,0,0,0,0,0,0,0,0,0,0,0,0,0,0,0,0,0,0,0,0,0,0,0,42033
"PDZK1IP1","ENSG00000162366",47183582,47191044,"chr1",0,0,0,0,0,0,1,0,0,0,0,0,0,0,0,0,0,0,0,0,0,0,0,0,7462
"PELP1","ENSG00000141456",4669774,4704337,"chr17",0,0,0,0,0,0,0,0,0,0,0,0,0,0,0,0,0,0,0,0,0,0,0,0,34563
"PFN1P3","ENSG00000234367",145407772,145408173,"chr1",0,0,0,0,0,0,0,0,0,0,0,0,0,0,0,0,0,0,0,0,0,0,0,0,401
"PIGU","ENSG00000101464",34560542,34698790,"chr20",0,0,0,0,0,0,0,0,0,0,0,0,0,0,0,0,0,0,0,0,0,0,0,0,138248
"PIK3CA","ENSG00000121879",179148114,179240093,"chr3",0,0,0,0,0,0,0,0,0,0,0,0,0,0,0,0,1,0,0,0,0,0,0,0,91979
"PIK3R1","ENSG00000145675",68215756,68301821,"chr5",0,0,0,0,0,0,0,0,0,0,0,0,0,0,0,0,0,0,0,0,0,0,0,0,86065
"PIM1","ENSG00000137193",37170152,37175428,"chr6",0,0,0,0,0,0,0,0,0,0,0,0,0,0,0,0,0,0,0,0,0,0,0,0,5276
"PIM2","ENSG00000102096",48913182,48919024,"chrX",0,0,0,0,0,0,0,0,0,0,0,0,0,0,0,0,0,0,0,0,0,0,0,0,5842
"PIM3","ENSG00000198355",49960768,49964072,"chr22",0,0,0,0,0,0,0,0,0,0,0,0,0,0,0,0,0,0,0,0,0,0,0,0,3304
"PIR","ENSG00000087842",15384799,15493564,"chrX",0,0,0,0,0,0,0,0,0,0,0,0,0,0,0,0,0,0,0,0,0,0,0,0,108765
"PITX2","ENSG00000164093",110617423,110642123,"chr4",0,0,0,0,0,0,0,0,0,0,0,0,0,0,0,0,0,0,0,0,0,0,0,0,24700
"PIWIL1","ENSG00000275051",130337887,130372618,"chrCHR_HSCHR12_5_CTG2_1",0,0,0,0,0,0,0,0,0,0,0,0,0,0,0,0,0,0,0,0,0,0,0,0,34731
"PIWIL1","ENSG00000125207",130337887,130372637,"chr12",0,0,0,0,0,0,0,0,0,0,0,0,0,0,0,0,0,0,0,0,0,0,0,0,34750
"PLAC8","ENSG00000145287",83090048,83137075,"chr4",0,0,0,0,0,0,0,0,0,0,0,0,0,0,0,0,0,0,0,0,0,0,0,0,47027
"PLAG1","ENSG00000181690",56160909,56211324,"chr8",0,0,1,0,0,0,0,0,0,0,0,0,0,0,0,0,0,0,0,0,0,0,0,0,50415
"PLAGL2","ENSG00000126003",32192504,32207743,"chr20",0,0,0,0,0,0,0,1,0,0,0,0,0,0,0,0,0,0,0,0,0,0,0,0,15239
"PLK1","ENSG00000166851",23677656,23690367,"chr16",0,0,0,0,0,0,0,0,0,0,0,0,0,0,0,0,0,0,0,0,0,0,0,0,12711
"PLXNB1","ENSG00000164050",48403854,48430086,"chr3",0,0,0,0,0,0,0,0,0,0,0,0,0,0,0,0,0,0,0,0,0,0,0,0,26232
"PML","ENSG00000140464",73994673,74047827,"chr15",0,0,0,0,0,0,0,0,0,0,0,0,0,0,0,0,0,0,0,0,0,0,0,0,53154
"PPARG","ENSG00000132170",12287368,12434356,"chr3",0,0,0,0,0,0,0,0,0,0,0,0,0,0,0,0,0,0,0,0,0,0,0,0,146988
"PPM1D","ENSG00000170836",60600183,60666280,"chr17",0,0,0,0,0,0,0,1,0,0,0,0,0,0,0,0,0,0,0,0,0,0,0,0,66097
"PPP1R10","ENSG00000235291",30678854,30697067,"chrCHR_HSCHR6_MHC_MCF_CTG1",0,0,0,0,0,0,0,0,0,0,0,0,0,0,0,0,0,0,0,0,0,0,0,0,18213
"PPP1R10","ENSG00000231737",30645036,30663248,"chrCHR_HSCHR6_MHC_MANN_CTG1",0,0,0,0,0,0,0,0,0,0,0,0,0,0,0,0,0,0,0,0,0,0,0,0,18212
"PPP1R10","ENSG00000238104",30592623,30610835,"chrCHR_HSCHR6_MHC_SSTO_CTG1",0,0,0,0,0,0,0,0,0,0,0,0,0,0,0,0,0,0,0,0,0,0,0,0,18212
"PPP1R10","ENSG00000230995",30590243,30608455,"chrCHR_HSCHR6_MHC_COX_CTG1",0,0,0,0,0,0,0,0,0,0,0,0,0,0,0,0,0,0,0,0,0,0,0,0,18212
"PPP1R10","ENSG00000206489",30589896,30608107,"chrCHR_HSCHR6_MHC_QBL_CTG1",0,0,0,0,0,0,0,0,0,0,0,0,0,0,0,0,0,0,0,0,0,0,0,0,18211
"PPP1R10","ENSG00000227804",30590637,30608849,"chrCHR_HSCHR6_MHC_DBB_CTG1",0,0,0,0,0,0,0,0,0,0,0,0,0,0,0,0,0,0,0,0,0,0,0,0,18212
"PPP1R10","ENSG00000204569",30600413,30618612,"chr6",0,0,0,0,0,0,0,0,0,0,0,0,0,0,0,0,0,0,0,0,0,0,0,0,18199
"PPP1R13L","ENSG00000104881",45379638,45406349,"chr19",0,0,0,0,0,0,0,0,0,0,0,0,0,0,0,1,0,0,0,0,0,0,0,0,26711
"PPP1R14A","ENSG00000167641",38251237,38256532,"chr19",0,0,0,0,0,0,0,0,0,0,0,0,0,0,0,0,0,0,0,0,0,0,0,0,5295
"PPP2R1A","ENSG00000105568",52190048,52229518,"chr19",0,0,0,0,0,0,0,0,0,0,0,0,0,0,0,0,0,0,0,0,0,0,0,0,39470
"PRAME","ENSG00000275013",22556806,22568466,"chrCHR_HSCHR22_1_CTG3",0,0,0,0,0,0,0,0,0,0,0,0,0,0,0,0,0,0,0,0,0,0,0,0,11660
"PRAME","ENSG00000185686",22547701,22559361,"chr22",0,0,0,0,0,0,0,0,0,0,0,0,0,0,0,0,0,0,0,0,0,0,0,0,11660
"PRDM10","ENSG00000170325",129899706,130002835,"chr11",0,0,0,0,0,0,0,0,0,0,0,0,0,0,0,0,0,0,0,0,0,0,0,0,103129
"PRDM12","ENSG00000130711",130664594,130682986,"chr9",0,0,0,0,0,0,0,0,0,0,0,0,0,0,0,0,0,0,0,0,0,0,0,0,18392
"PRDM13","ENSG00000112238",99606774,99615578,"chr6",0,0,0,0,0,0,0,0,0,0,0,0,0,0,0,0,0,0,0,0,0,0,0,0,8804
"PRDM14","ENSG00000147596",70051651,70071693,"chr8",0,0,0,0,0,0,0,1,0,0,0,0,0,0,0,0,0,0,0,0,0,0,0,0,20042
"PRDM15","ENSG00000141956",41798225,41879482,"chr21",0,0,0,0,0,0,0,0,0,0,0,0,0,0,0,0,0,0,0,0,0,0,0,0,81257
"PRDM16","ENSG00000142611",3069168,3438621,"chr1",0,0,0,0,0,0,0,0,0,0,0,0,0,0,0,0,0,0,0,0,0,0,0,0,369453
"PRDM6","ENSG00000061455",123089241,123194266,"chr5",0,0,0,0,0,0,0,0,0,0,0,0,0,0,0,0,0,0,0,0,0,0,0,0,105025
"PRDM8","ENSG00000152784",80183879,80204329,"chr4",0,0,0,0,0,0,0,0,0,0,0,0,0,0,0,0,0,0,0,0,0,0,0,0,20450
"PRDM9","ENSG00000164256",23443586,23528093,"chr5",0,0,0,0,0,0,0,0,0,0,0,0,0,0,0,0,0,0,0,0,0,0,0,0,84507
"PRKCA","ENSG00000154229",66302613,66810743,"chr17",0,0,0,0,0,0,0,1,0,0,0,0,0,0,0,0,0,0,0,0,0,0,0,0,508130
"PRKCE","ENSG00000171132",45651345,46187990,"chr2",0,0,0,0,0,0,0,0,0,0,0,0,0,0,0,0,0,0,0,0,0,0,0,0,536645
"PRKCI","ENSG00000163558",170222424,170305977,"chr3",0,0,1,0,0,0,1,0,0,0,0,0,0,0,0,1,0,0,0,0,0,0,0,0,83553
"PRMT5","ENSG00000100462",22920525,22929408,"chr14",0,0,0,0,0,0,0,0,0,0,0,0,0,0,0,0,0,0,0,0,0,0,0,0,8883
"PSIP1","ENSG00000164985",15464066,15510995,"chr9",0,0,0,0,0,0,0,0,0,0,0,0,0,0,0,0,0,0,0,0,0,0,0,0,46929
"PSMD10","ENSG00000101843",108084207,108091549,"chrX",0,0,0,0,0,0,0,0,0,0,0,0,0,0,0,0,0,0,0,0,0,0,0,0,7342
"PTCH1","ENSG00000185920",95442980,95517057,"chr9",0,0,0,0,0,0,0,0,0,0,0,0,0,0,0,0,0,0,0,0,0,0,0,0,74077
"PTCH2","ENSG00000117425",44819844,44843253,"chr1",0,0,0,0,0,0,2,0,0,0,0,0,0,0,0,0,0,0,0,0,0,0,0,0,23409
"PTK2B","ENSG00000120899",27311482,27459391,"chr8",0,0,0,0,0,0,0,0,0,0,0,0,0,0,0,0,0,0,0,0,0,0,0,0,147909
"PTK7","ENSG00000112655",43076307,43161719,"chr6",0,0,0,0,0,0,0,0,0,0,0,0,0,0,0,0,0,0,0,0,0,0,0,0,85412
"PTMA","ENSG00000187514",231706895,231713551,"chr2",0,0,0,0,0,0,0,0,0,0,0,0,0,0,0,0,0,0,0,0,0,0,0,0,6656
"PTP4A1","ENSG00000112245",63521746,63583436,"chr6",0,0,0,0,0,0,0,0,0,0,0,0,0,0,0,0,0,0,0,0,0,0,0,0,61690
"PTP4A2","ENSG00000184007",31906421,31944856,"chr1",0,0,0,0,0,0,1,0,0,0,0,0,0,0,0,0,0,0,0,0,0,0,0,0,38435
"PTP4A3","ENSG00000275575",141391991,141438356,"chrCHR_HSCHR8_5_CTG7",0,0,0,0,0,0,0,0,0,0,0,0,0,0,0,0,0,0,0,0,0,0,0,0,46365
"PTP4A3","ENSG00000184489",141391995,141432454,"chr8",0,0,0,0,0,0,0,0,0,0,0,1,0,0,0,0,0,0,0,0,0,0,0,0,40459
"PTPN11","ENSG00000179295",112418351,112509918,"chr12",0,0,0,0,0,0,0,0,0,0,0,0,0,0,0,0,0,0,0,0,0,0,0,0,91567
"PTTG1","ENSG00000164611",160421855,160428739,"chr5",0,0,0,0,0,0,0,0,0,0,0,0,0,0,0,0,0,0,0,0,0,0,0,0,6884
"PTTG1IP","ENSG00000183255",44849585,44873903,"chr21",0,0,0,0,0,0,0,0,0,0,0,0,0,0,0,0,0,0,0,0,0,0,0,0,24318
"PTTG2","ENSG00000250254",37960398,37961128,"chr4",0,0,0,0,0,0,0,0,0,0,0,0,0,0,0,0,0,0,0,0,0,0,0,0,730
"PVT1","ENSG00000249859",127794526,128187101,"chr8",1,0,1,0,0,0,6,2,0,0,0,1,0,0,0,0,0,0,0,0,0,0,1,0,392575
"RAB11A","ENSG00000103769",65726054,65891989,"chr15",0,0,0,0,0,0,0,0,0,0,0,0,0,0,0,0,0,0,0,0,0,0,0,0,165935
"RAB18","ENSG00000099246",27504174,27542239,"chr10",0,0,0,0,0,0,0,0,0,0,0,0,0,0,0,0,0,0,0,0,0,0,0,0,38065
"RAB22A","ENSG00000124209",58309715,58367507,"chr20",0,0,0,0,0,0,0,2,0,0,0,0,0,0,0,0,0,0,0,0,0,0,0,0,57792
"RAB23","ENSG00000112210",57186992,57222307,"chr6",0,0,0,0,0,0,0,0,0,0,0,0,0,0,0,0,0,0,0,0,0,0,0,0,35315
"RAB8A","ENSG00000167461",16111889,16134234,"chr19",0,0,0,0,0,0,0,0,0,0,0,0,0,0,0,0,0,0,0,0,0,0,0,0,22345
"RAC1","ENSG00000136238",6374527,6403967,"chr7",0,0,0,0,1,0,0,0,0,0,0,0,0,0,0,0,0,0,0,0,0,0,0,0,29440
"RAF1","ENSG00000132155",12583601,12664125,"chr3",0,0,0,0,0,0,0,0,0,0,0,0,0,0,0,0,0,0,0,0,0,0,0,0,80524
"RALGDS","ENSG00000160271",133097720,133149334,"chr9",0,0,0,0,0,0,0,0,0,0,0,0,0,0,0,0,0,0,0,0,0,0,0,0,51614
"RAP1A","ENSG00000116473",111542218,111716691,"chr1",0,0,0,0,0,0,0,0,0,0,0,0,0,0,0,0,0,0,0,0,0,0,0,0,174473
"RARA","ENSG00000131759",40309180,40357643,"chr17",0,0,0,0,0,0,0,0,0,0,0,0,0,0,0,0,0,0,0,0,0,0,0,0,48463
"RASSF1","ENSG00000068028",50329782,50340980,"chr3",0,0,0,0,0,0,0,0,0,0,0,0,0,0,0,0,0,0,0,0,0,0,0,0,11198
"RBM14","ENSG00000239306",66616626,66629934,"chr11",0,0,0,0,0,0,0,0,0,0,0,0,0,2,0,0,1,0,0,0,0,0,0,0,13308
"RBM15","ENSG00000162775",110338506,110346681,"chr1",0,0,0,0,0,0,0,1,0,0,0,0,0,0,0,0,0,0,0,0,0,0,0,0,8175
"RBM3","ENSG00000102317",48574449,48581162,"chrX",0,0,0,0,0,0,0,0,0,0,0,0,0,0,0,0,0,0,0,0,0,0,0,0,6713
"RBMY1A1","ENSG00000234414",21511372,21549326,"chrY",0,0,0,0,0,0,0,0,0,0,0,0,0,0,0,0,0,0,0,0,0,0,0,0,37954
"REL","ENSG00000162924",60881521,60931612,"chr2",0,0,0,0,0,0,1,0,0,0,0,0,0,0,0,0,0,0,0,0,0,0,0,0,50091
"RERE","ENSG00000142599",8352397,8848921,"chr1",0,0,0,0,0,0,0,0,0,0,0,0,0,0,0,0,0,0,0,0,0,0,0,0,496524
"RET","ENSG00000165731",43077064,43130351,"chr10",0,0,0,0,0,0,0,0,0,0,0,0,0,0,0,0,0,0,0,0,0,0,0,0,53287
"RFC3","ENSG00000133119",33818069,33966558,"chr13",0,0,0,0,0,0,0,0,0,0,0,0,0,0,0,0,0,0,0,0,0,0,0,0,148489
"RGL4","ENSG00000159496",23688136,23699176,"chr22",0,0,0,0,0,0,0,0,0,0,0,0,0,0,0,0,0,0,0,0,0,0,0,0,11040
"RGR","ENSG00000148604",84230666,84259960,"chr10",0,0,0,0,0,0,0,0,0,0,0,0,0,0,0,0,0,0,0,0,0,0,0,0,29294
"RHO","ENSG00000163914",129528639,129535344,"chr3",0,0,0,0,0,0,0,0,0,0,0,0,0,0,0,0,0,0,0,0,0,0,0,0,6705
"RHOA","ENSG00000067560",49359139,49412998,"chr3",0,0,0,0,0,0,0,0,0,0,0,0,0,0,0,0,0,0,0,0,0,0,0,0,53859
"RHOC","ENSG00000155366",112701127,112707434,"chr1",0,0,0,0,0,0,0,0,0,0,0,0,0,0,0,0,0,0,0,0,0,0,0,0,6307
"RING1","ENSG00000235107",33362379,33366606,"chrCHR_HSCHR6_MHC_MANN_CTG1",0,0,0,0,0,0,0,0,0,0,0,0,0,0,0,0,0,0,0,0,0,0,0,0,4227
"RING1","ENSG00000231115",33378855,33383082,"chrCHR_HSCHR6_MHC_MCF_CTG1",0,0,0,0,0,0,0,0,0,0,0,0,0,0,0,0,0,0,0,0,0,0,0,0,4227
"RING1","ENSG00000228520",33186401,33190628,"chrCHR_HSCHR6_MHC_DBB_CTG1",0,0,0,0,0,0,0,0,0,0,0,0,0,0,0,0,0,0,0,0,0,0,0,0,4227
"RING1","ENSG00000206287",33137310,33141537,"chrCHR_HSCHR6_MHC_QBL_CTG1",0,0,0,0,0,0,0,0,0,0,0,0,0,0,0,0,0,0,0,0,0,0,0,0,4227
"RING1","ENSG00000226788",33130117,33134342,"chrCHR_HSCHR6_MHC_COX_CTG1",0,0,0,0,0,0,0,0,0,0,0,0,0,0,0,0,0,0,0,0,0,0,0,0,4225
"RING1","ENSG00000204227",33208500,33212722,"chr6",0,0,0,0,0,0,0,0,0,0,0,0,0,0,0,0,0,0,0,0,0,0,0,0,4222
"RINT1","ENSG00000135249",105532169,105567677,"chr7",0,0,0,0,0,0,0,0,0,0,0,0,0,0,0,0,0,0,0,0,0,0,0,0,35508
"RIT1","ENSG00000143622",155897808,155911404,"chr1",0,0,0,0,0,0,0,0,0,0,0,0,0,0,0,0,0,0,0,0,0,0,0,0,13596
"RNF43","ENSG00000108375",58353676,58417595,"chr17",0,0,0,0,0,0,0,3,0,0,0,0,0,0,0,0,0,0,0,0,0,0,0,0,63919
"ROCK1","ENSG00000067900",20946906,21111813,"chr18",0,0,1,0,0,0,0,0,0,0,0,0,0,0,0,0,0,0,0,0,0,0,0,0,164907
"ROS1","ENSG00000047936",117287353,117425942,"chr6",0,0,0,0,0,0,0,0,0,0,0,0,0,0,0,0,0,0,0,0,0,0,0,0,138589
"RPL23","ENSG00000125691",38847860,38853764,"chr17",0,0,0,0,0,0,1,0,0,0,0,0,0,0,0,0,0,0,0,0,0,0,0,0,5904
"RRAS","ENSG00000126458",49635292,49640143,"chr19",0,0,0,0,0,0,0,0,0,0,0,0,0,0,0,0,0,0,0,0,0,0,0,0,4851
"RRAS2","ENSG00000133818",14277922,14364506,"chr11",0,0,0,0,0,0,0,0,0,0,0,0,0,0,0,0,0,0,0,0,0,0,0,0,86584
"RSF1","ENSG00000048649",77659996,77821017,"chr11",1,0,1,0,0,0,1,2,0,0,0,0,0,0,0,0,0,0,0,0,0,0,0,0,161021
"RUNX1","ENSG00000159216",34787801,36004667,"chr21",0,0,0,0,0,0,0,0,0,0,0,0,0,0,0,0,0,0,0,0,0,0,0,0,1216866
"RUNX1T1","ENSG00000079102",91954967,92103286,"chr8",0,0,0,0,0,0,1,2,0,0,0,0,0,0,0,0,0,0,0,0,0,0,0,0,148319
"RUNX3","ENSG00000020633",24899511,24965121,"chr1",0,0,0,0,0,0,0,0,0,0,0,0,0,0,0,0,0,0,0,0,0,0,0,0,65610
"S100A4","ENSG00000196154",153543613,153550136,"chr1",0,0,1,0,0,0,0,0,0,0,0,0,0,0,0,0,0,0,0,0,0,0,0,0,6523
"S100A7","ENSG00000143556",153457744,153460651,"chr1",0,0,1,0,0,0,0,0,0,0,0,0,0,0,0,0,0,0,0,0,0,0,0,0,2907
"S100A8","ENSG00000143546",153390032,153391073,"chr1",0,0,1,0,0,0,0,0,0,0,0,0,0,0,0,0,0,0,0,0,0,0,0,0,1041
"SAG","ENSG00000281857",233307816,233347055,"chrCHR_HG2232_PATCH",0,0,0,0,0,0,0,0,0,0,0,0,0,0,0,0,0,0,0,0,0,0,0,0,39239
"SAG","ENSG00000130561",233307816,233347055,"chr2",0,0,0,0,0,0,0,0,0,0,0,0,0,0,0,0,0,0,0,0,0,0,0,0,39239
"SALL4","ENSG00000101115",51782331,51802521,"chr20",0,0,0,0,0,0,0,4,0,0,0,0,0,0,0,0,0,0,0,0,0,0,0,0,20190
"SART3","ENSG00000075856",108522214,108561400,"chr12",0,0,0,0,0,0,0,0,0,0,0,0,0,0,0,0,0,0,0,0,0,0,0,0,39186
"SATB1","ENSG00000182568",18345377,18445588,"chr3",0,0,0,0,0,0,0,0,0,0,0,0,0,0,0,0,0,0,0,0,0,0,0,0,100211
"SBSN","ENSG00000189001",35523367,35528351,"chr19",1,0,0,0,0,0,0,0,0,0,0,0,0,0,0,0,0,0,0,0,0,0,0,0,4984
"SEC62","ENSG00000008952",169966635,169998373,"chr3",0,0,1,0,0,0,2,0,0,0,0,0,0,0,0,1,0,0,0,0,0,0,0,0,31738
"SERTAD1","ENSG00000197019",40421589,40425992,"chr19",0,0,1,0,0,0,0,0,0,0,0,0,1,0,0,0,0,0,0,0,0,0,0,0,4403
"SERTAD2","ENSG00000179833",64631621,64751005,"chr2",0,0,0,0,0,0,0,0,0,0,0,0,0,0,0,0,0,0,0,0,0,0,0,0,119384
"SERTAD3","ENSG00000167565",40440844,40444335,"chr19",0,0,1,0,0,0,0,0,0,0,0,0,1,0,0,0,0,0,0,0,0,0,0,0,3491
"SET","ENSG00000119335",128683424,128696400,"chr9",0,0,0,0,0,0,0,0,0,0,0,0,0,0,0,0,0,0,0,0,0,0,0,0,12976
"SETBP1","ENSG00000152217",44680173,45068510,"chr18",0,0,0,0,0,0,0,0,0,0,0,0,0,0,0,0,0,0,0,0,0,0,0,0,388337
"SETDB1","ENSG00000143379",150926263,150964744,"chr1",0,0,0,0,0,0,1,0,0,0,0,0,0,0,0,0,0,0,0,0,0,0,0,0,38481
"SFPQ","ENSG00000116560",35176378,35193145,"chr1",0,0,0,0,0,0,1,0,0,0,0,0,0,0,0,0,0,0,0,0,0,0,0,0,16767
"SGK1","ENSG00000118515",134169246,134318112,"chr6",0,0,0,0,0,0,0,0,0,0,0,1,0,0,0,0,0,0,0,0,0,0,0,0,148866
"SIRT1","ENSG00000096717",67884656,67918390,"chr10",0,0,0,0,0,0,0,0,0,0,0,0,0,0,0,0,0,0,0,0,0,0,0,0,33734
"SIRT6","ENSG00000077463",4174109,4182566,"chr19",0,0,0,0,0,0,0,0,0,0,0,0,0,0,0,0,0,0,0,0,0,0,0,0,8457
"SIX1","ENSG00000126778",60643421,60658259,"chr14",0,0,0,0,0,0,0,0,0,0,0,0,0,0,0,0,0,0,0,0,0,0,0,0,14838
"SKI","ENSG00000157933",2228319,2310213,"chr1",0,0,0,0,0,0,0,0,0,0,0,0,0,0,0,0,0,0,0,0,0,0,0,0,81894
"SKIL","ENSG00000136603",170357678,170396835,"chr3",0,0,1,0,0,0,1,0,0,0,0,0,0,0,0,1,0,0,0,0,0,0,0,0,39157
"SKP2","ENSG00000145604",36151989,36196849,"chr5",0,0,0,0,0,0,0,0,0,0,0,0,0,0,0,0,0,0,0,0,0,0,0,0,44860
"SLC12A5","ENSG00000124140",46021690,46060150,"chr20",0,0,0,0,0,0,0,2,0,0,0,0,0,0,0,0,1,0,0,0,0,0,0,0,38460
"SLC3A2","ENSG00000168003",62856004,62888880,"chr11",0,1,0,0,0,0,0,0,0,0,0,0,0,0,0,0,0,0,0,0,0,0,0,0,32876
"SMO","ENSG00000128602",129188633,129213545,"chr7",0,0,0,0,0,0,0,0,0,0,0,0,0,0,0,0,0,0,0,0,0,0,0,0,24912
"SMR3B","ENSG00000171201",70370093,70390244,"chr4",0,0,0,0,0,0,0,0,0,0,0,0,0,0,0,0,0,0,0,0,0,0,0,0,20151
"SMURF1","ENSG00000284126",99027438,99144100,"chrCHR_HG2088_PATCH",0,0,0,0,0,0,0,0,0,0,0,0,0,0,0,0,0,0,0,0,0,0,0,0,116662
"SMURF1","ENSG00000198742",99027440,99144108,"chr7",0,0,0,0,0,0,0,0,0,0,0,0,0,0,0,0,0,0,0,0,0,0,0,0,116668
"SNAI1","ENSG00000124216",49982980,49988886,"chr20",0,0,0,0,0,0,0,4,0,0,0,0,0,0,0,0,0,0,0,0,0,0,0,0,5906
"SNCG","ENSG00000173267",86958599,86963258,"chr10",0,0,0,0,0,0,0,0,0,0,0,0,0,0,0,0,0,0,0,0,0,0,0,0,4659
"SNORA59A","ENSG00000239149",12507246,12507397,"chr1",1,0,0,0,0,0,0,0,0,0,0,0,0,0,0,0,0,0,0,0,0,0,0,0,151
"SNORA80E","ENSG00000207475",155919909,155920045,"chr1",0,0,0,0,0,0,0,0,0,0,0,0,0,0,0,0,0,0,0,0,0,0,0,0,136
"SOX2","ENSG00000181449",181711925,181714436,"chr3",0,0,0,0,0,0,1,0,0,0,0,0,0,0,0,0,0,0,0,0,0,0,0,0,2511
"SOX4","ENSG00000124766",21593751,21598619,"chr6",0,2,0,0,0,0,0,0,0,0,0,0,0,0,0,0,0,0,0,0,0,0,0,0,4868
"SPAG9","ENSG00000008294",50962174,51120868,"chr17",0,0,0,0,0,0,0,0,0,0,0,0,0,0,0,0,0,0,0,0,0,0,0,0,158694
"SPARC","ENSG00000113140",151661096,151686975,"chr5",0,0,0,0,0,0,0,0,0,0,0,0,0,0,0,0,0,0,0,0,0,0,0,0,25879
"SPATA4","ENSG00000150628",176184579,176195585,"chr4",0,0,0,0,0,0,0,0,0,0,0,0,0,0,0,0,0,0,0,0,0,0,0,0,11006
"SPI1","ENSG00000066336",47354860,47378547,"chr11",0,0,0,0,0,0,0,0,0,0,0,0,0,0,0,0,0,0,0,0,0,0,0,0,23687
"SPRY2","ENSG00000136158",80335976,80341126,"chr13",0,0,0,0,0,0,0,1,0,0,0,0,0,0,0,0,0,0,0,0,0,0,0,0,5150
"SQSTM1","ENSG00000284099",179821758,179838931,"chrCHR_HG30_PATCH",0,0,0,0,0,0,0,0,0,0,0,0,0,0,0,0,0,0,0,0,0,0,0,0,17173
"SQSTM1","ENSG00000161011",179806398,179838078,"chr5",0,0,0,0,0,0,0,1,0,0,0,0,0,0,0,0,0,0,0,0,0,0,0,0,31680
"SRC","ENSG00000197122",37344685,37406050,"chr20",1,0,0,0,0,0,0,0,0,0,0,0,0,0,0,0,0,0,0,0,0,0,0,0,61365
"SREBF1","ENSG00000072310",17810399,17837011,"chr17",0,1,0,0,0,0,0,0,0,0,0,0,0,1,0,0,0,0,0,0,0,0,0,0,26612
"SRSF1","ENSG00000136450",58000919,58007346,"chr17",0,0,0,0,0,0,0,3,0,0,0,0,0,0,0,0,0,0,0,0,0,0,0,0,6427
"SRSF2","ENSG00000161547",76734115,76737333,"chr17",0,0,0,0,0,0,0,0,0,0,0,0,0,0,0,0,0,0,0,0,0,0,0,0,3218
"SRSF3","ENSG00000112081",36594353,36605600,"chr6",0,0,0,0,0,0,0,1,0,0,0,0,0,0,0,0,0,0,0,0,0,0,0,0,11247
"SRSF6","ENSG00000124193",43457893,43466046,"chr20",0,0,0,0,0,0,0,1,0,0,0,0,0,0,0,0,0,0,0,0,0,0,0,0,8153
"SS18","ENSG00000141380",26016253,26091217,"chr18",0,0,0,0,0,0,0,0,0,0,0,0,0,0,0,0,0,0,0,0,0,0,0,0,74964
"SSX1","ENSG00000126752",48255392,48267444,"chrX",0,0,0,0,0,0,0,0,0,0,0,0,0,0,0,0,0,0,0,0,0,0,0,0,12052
"SSX2","ENSG00000241476",52696896,52707189,"chrX",0,0,0,0,0,0,0,0,0,0,0,0,0,0,0,0,0,0,0,0,0,0,0,0,10293
"SSX2B","ENSG00000268447",52751132,52790305,"chrX",0,0,0,0,0,0,0,0,0,0,0,0,0,0,0,0,0,0,0,0,0,0,0,0,39173
"STAT3","ENSG00000168610",42313324,42388540,"chr17",0,0,0,0,0,0,0,0,0,0,0,0,0,0,0,0,0,0,0,0,0,0,0,0,75216
"STIL","ENSG00000123473",47250139,47314147,"chr1",0,0,0,0,0,0,1,0,0,0,0,0,0,0,0,0,0,0,0,0,0,0,0,0,64008
"STMN1","ENSG00000117632",25884181,25906991,"chr1",0,0,0,0,0,0,0,0,0,0,0,0,0,0,0,0,0,0,0,0,0,0,0,0,22810
"STRA6","ENSG00000288257",74179466,74212267,"chrCHR_HG2198_PATCH",0,0,0,0,0,0,0,0,0,0,0,0,0,0,0,0,0,0,0,0,0,0,0,0,32801
"STRA6","ENSG00000137868",74179466,74212267,"chr15",0,0,0,0,0,0,0,0,0,0,0,0,0,0,0,0,0,0,0,0,0,0,0,0,32801
"STYK1","ENSG00000060140",10618923,10674318,"chr12",0,0,0,0,0,0,0,0,0,0,0,0,0,0,0,0,0,0,0,0,0,0,0,0,55395
"SUZ12","ENSG00000178691",31937007,32001038,"chr17",0,0,0,0,0,0,0,0,0,0,0,0,0,0,0,0,0,0,0,0,0,0,0,0,64031
"SWAP70","ENSG00000133789",9664077,9752993,"chr11",0,0,0,0,0,0,0,0,0,0,0,0,0,0,0,0,0,0,0,0,0,0,0,0,88916
"SYK","ENSG00000165025",90801787,90898549,"chr9",0,0,0,0,0,0,0,0,0,0,0,0,0,0,0,0,0,0,0,0,0,0,0,0,96762
"SYT1","ENSG00000067715",78863993,79452008,"chr12",0,0,0,0,0,0,0,0,0,0,0,0,0,0,0,0,0,0,0,0,0,0,0,0,588015
"TAC1","ENSG00000006128",97732084,97740472,"chr7",0,0,0,0,0,0,0,0,0,0,0,0,0,0,0,0,0,0,0,0,0,0,0,0,8388
"TACSTD2","ENSG00000184292",58575433,58577252,"chr1",0,0,0,0,0,0,0,0,0,0,0,0,0,0,0,0,0,0,0,0,0,0,0,0,1819
"TAF1","ENSG00000147133",71366264,71532374,"chrX",0,0,0,0,0,0,0,0,0,0,0,0,0,0,0,0,0,0,0,0,0,0,0,0,166110
"TAF15","ENSG00000276833",35809455,35864615,"chrCHR_HSCHR17_7_CTG4",0,0,0,0,0,0,0,0,0,0,0,0,0,0,0,0,0,0,0,0,0,0,0,0,55160
"TAF15","ENSG00000270647",35713791,35864615,"chr17",0,0,0,0,0,0,1,1,0,0,0,0,0,0,0,0,0,0,0,0,0,0,0,0,150824
"TAL1","ENSG00000162367",47216290,47232220,"chr1",0,0,0,0,0,0,1,0,0,0,0,0,0,0,0,0,0,0,0,0,0,0,0,0,15930
"TAL2","ENSG00000186051",105662457,105663124,"chr9",0,0,0,0,0,0,0,0,0,0,0,0,0,0,0,0,0,0,0,0,0,0,0,0,667
"TALDO1","ENSG00000177156",747415,765012,"chr11",0,0,0,0,0,0,0,0,0,0,0,0,0,0,0,0,0,0,0,0,0,0,0,0,17597
"TAZ","ENSG00000102125",154411524,154421726,"chrX",0,0,0,0,0,0,0,0,0,0,0,0,0,0,0,0,0,0,0,0,0,0,0,0,10202
"TBC1D1","ENSG00000065882",37891084,38139175,"chr4",0,0,0,0,0,0,0,0,0,0,0,0,0,0,0,0,0,0,0,0,0,0,0,0,248091
"TBC1D15","ENSG00000121749",71839707,71927248,"chr12",0,0,0,0,0,0,0,0,0,0,0,0,1,0,0,0,0,0,0,0,0,0,0,0,87541
"TBC1D3","ENSG00000274611",38181659,38192541,"chr17",0,0,0,0,0,0,1,4,0,0,0,0,0,0,0,0,0,0,0,0,0,0,0,0,10882
"TBC1D3C","ENSG00000278299",38057693,38068592,"chr17",0,0,0,0,0,0,1,7,0,0,0,0,0,0,0,0,0,0,0,0,0,0,0,0,10899
"TBC1D7","ENSG00000145979",13266542,13328583,"chr6",0,0,0,0,0,0,0,0,0,0,0,0,0,0,0,0,0,0,0,0,0,0,0,0,62041
"TBX2","ENSG00000121068",61399843,61409466,"chr17",0,0,0,0,0,0,0,1,0,0,0,0,0,0,0,0,0,0,0,0,0,0,0,0,9623
"TBX3","ENSG00000135111",114670255,114684175,"chr12",0,0,0,0,0,0,0,0,0,0,0,0,0,0,0,0,0,0,0,0,0,0,0,0,13920
"TCF3","ENSG00000071564",1609290,1652615,"chr19",0,0,0,0,0,0,0,0,0,0,0,0,0,0,0,0,0,0,0,0,0,0,0,0,43325
"TCL1A","ENSG00000100721",95709947,95714196,"chr14",0,0,0,0,0,0,0,0,0,0,0,0,0,0,0,0,0,0,0,0,0,0,0,0,4249
"TCL1B","ENSG00000213231",95686426,95692628,"chr14",0,0,0,0,0,0,0,0,0,0,0,0,0,0,0,0,0,0,0,0,0,0,0,0,6202
"TCL6","ENSG00000187621",95650498,95679833,"chr14",0,0,0,0,0,0,0,0,0,0,0,0,0,0,0,0,0,0,0,0,0,0,0,0,29335
"TCP1","ENSG00000120438",159778498,159789703,"chr6",0,0,0,0,0,0,0,0,0,0,0,0,0,0,0,0,0,0,0,0,0,0,0,0,11205
"TEC","ENSG00000135605",48135783,48269838,"chr4",0,0,0,0,0,0,0,0,0,0,0,0,0,0,0,0,0,0,0,0,0,0,0,0,134055
"TFCP2","ENSG00000135457",51093656,51173135,"chr12",0,0,0,0,0,0,0,0,0,0,0,0,0,0,0,0,0,0,0,0,0,0,0,0,79479
"TFE3","ENSG00000068323",49028726,49043410,"chrX",0,0,0,0,0,0,0,0,0,0,0,0,0,0,0,0,0,0,0,0,0,0,0,0,14684
"TFG","ENSG00000114354",100709295,100748964,"chr3",0,0,0,0,0,0,0,0,0,0,0,0,0,0,0,0,0,0,0,0,0,0,0,0,39669
"TGFB1","ENSG00000105329",41301587,41353922,"chr19",0,0,0,0,0,0,0,0,0,0,0,0,0,0,0,0,0,0,0,0,0,0,0,0,52335
"TGM3","ENSG00000125780",2296001,2341079,"chr20",0,0,0,0,0,0,0,0,0,0,0,0,0,0,0,0,0,0,0,0,0,0,0,0,45078
"THRA","ENSG00000126351",40058290,40093867,"chr17",1,0,0,0,0,0,0,0,0,0,0,0,0,0,0,0,0,0,0,0,0,0,0,0,35577
"TINCR","ENSG00000223573",5558167,5578349,"chr19",0,0,0,0,0,0,0,0,0,0,0,0,0,0,0,0,0,0,0,0,0,0,0,0,20182
"TKTL1","ENSG00000007350",154295795,154330350,"chrX",0,0,0,0,0,0,0,0,0,0,0,0,0,0,0,0,0,0,0,0,0,0,0,0,34555
"TLE1","ENSG00000196781",81583683,81689547,"chr9",0,0,0,0,0,0,0,0,0,0,0,0,0,0,0,0,0,0,0,0,0,0,0,0,105864
"TLX1","ENSG00000107807",101131300,101137789,"chr10",0,0,0,0,0,0,0,0,0,0,0,0,0,0,0,0,0,0,0,0,0,0,0,0,6489
"TMEM140","ENSG00000146859",135148072,135166215,"chr7",0,0,0,0,0,0,0,0,0,0,0,0,0,0,0,0,0,0,0,0,0,0,0,0,18143
"TMPOP2","ENSG00000262904",74667506,74668706,"chr16",0,0,0,0,0,0,0,0,0,0,0,0,0,0,0,0,0,0,0,0,0,0,0,0,1200
"TMPRSS2","ENSG00000184012",41464300,41531116,"chr21",0,0,0,0,0,0,0,0,0,0,0,0,0,0,0,0,0,0,0,0,0,0,0,0,66816
"TNFRSF1B","ENSG00000028137",12166991,12209228,"chr1",1,0,0,0,0,0,0,0,0,0,0,0,0,0,0,0,0,0,0,0,0,0,0,0,42237
"TNS4","ENSG00000131746",40475828,40501623,"chr17",0,0,0,0,0,0,0,0,0,0,0,0,0,0,0,0,0,0,0,0,0,0,0,0,25795
"TP63","ENSG00000073282",189631389,189897276,"chr3",0,0,0,0,0,0,0,0,0,0,0,0,0,0,0,0,0,0,0,0,0,0,0,0,265887
"TP73","ENSG00000078900",3652516,3736201,"chr1",0,0,0,0,0,0,0,0,0,0,0,0,0,0,0,0,0,0,0,0,0,0,0,0,83685
"TPD52","ENSG00000076554",80034745,80231232,"chr8",0,0,0,0,0,0,0,0,0,0,0,0,0,0,0,0,0,0,0,0,0,0,0,0,196487
"TPR","ENSG00000047410",186311652,186375693,"chr1",0,0,0,0,0,0,0,0,0,0,0,0,0,0,0,0,0,0,0,0,0,0,0,0,64041
"TRAF6","ENSG00000175104",36483769,36510272,"chr11",0,0,0,0,0,0,0,0,1,0,0,0,0,0,0,0,0,0,0,0,0,0,0,0,26503
"TREH","ENSG00000118094",118657316,118679690,"chr11",0,0,0,0,0,0,0,0,0,0,0,0,0,0,0,0,0,0,0,0,0,0,0,0,22374
"TRIB1","ENSG00000173334",125430358,125438403,"chr8",0,0,0,0,0,0,0,2,0,0,0,1,0,0,0,0,0,0,0,0,0,0,0,0,8045
"TRIB2","ENSG00000071575",12716889,12742734,"chr2",0,0,0,0,0,0,0,0,0,0,1,0,0,0,0,0,0,0,0,0,0,0,0,0,25845
"TRIM28","ENSG00000130726",58544064,58550722,"chr19",0,0,0,0,0,0,0,0,0,0,0,0,0,0,0,0,0,0,0,0,0,0,0,0,6658
"TRIM32","ENSG00000119401",116687305,116701300,"chr9",0,0,0,0,0,0,0,0,0,0,0,0,0,0,0,0,0,0,0,0,0,0,0,0,13995
"TRIM8","ENSG00000171206",102644479,102658318,"chr10",0,0,0,0,0,0,0,0,0,0,0,0,0,0,0,0,0,0,0,0,0,0,0,0,13839
"TRIO","ENSG00000038382",14143342,14532128,"chr5",0,0,0,0,0,0,0,0,0,0,0,0,0,0,0,0,0,0,0,0,0,0,0,0,388786
"TRIP6","ENSG00000087077",100867387,100873454,"chr7",0,0,0,0,0,0,0,0,0,0,0,0,0,0,0,0,0,0,0,0,0,0,0,0,6067
"TSPAN1","ENSG00000117472",46175073,46185962,"chr1",0,0,0,0,0,0,1,0,0,0,0,0,0,0,0,0,0,0,0,0,0,0,0,0,10889
"TSPY1","ENSG00000258992",9466955,9469749,"chrY",0,0,0,0,0,0,0,0,0,0,0,0,0,0,0,0,0,0,0,0,0,0,0,0,2794
"TWIST1","ENSG00000122691",19020991,19117636,"chr7",0,0,0,0,0,0,0,0,0,0,0,0,0,0,0,0,0,0,0,0,0,0,0,0,96645
"TXN","ENSG00000136810",110243810,110256507,"chr9",0,0,0,0,0,0,0,0,0,0,0,0,0,0,0,0,0,0,0,0,0,0,0,0,12697
"TYMS","ENSG00000176890",657653,673578,"chr18",0,0,0,0,0,0,0,0,0,0,0,0,0,0,0,0,1,0,0,0,0,0,0,0,15925
"TYRP1","ENSG00000107165",12685439,12710285,"chr9",0,0,0,0,0,0,0,0,0,0,0,0,0,0,0,0,0,0,0,0,0,0,0,0,24846
"UBE2C","ENSG00000175063",45812576,45816957,"chr20",0,0,0,0,0,0,0,2,0,0,0,0,0,0,0,0,0,0,0,0,0,0,0,0,4381
"UBE3C","ENSG00000009335",157138916,157269370,"chr7",0,0,0,0,0,0,0,0,0,0,0,0,0,0,0,0,0,0,0,0,0,0,0,0,130454
"UCA1","ENSG00000214049",15828206,15836328,"chr19",0,0,0,0,0,0,0,1,0,0,0,0,0,0,0,0,0,0,0,0,0,0,0,0,8122
"UCHL1","ENSG00000154277",41256413,41268455,"chr4",0,0,0,0,0,0,0,0,0,0,0,0,0,0,0,0,0,0,0,0,0,0,0,0,12042
"UHRF1","ENSG00000276043",4903080,4962154,"chr19",0,0,0,0,0,0,0,0,0,0,0,0,0,0,0,0,0,0,0,0,0,0,0,0,59074
"URI1","ENSG00000105176",29923644,30016612,"chr19",0,0,0,0,0,0,0,2,0,0,0,0,0,0,0,0,0,0,0,0,0,0,0,0,92968
"USP22","ENSG00000124422",20999596,21043760,"chr17",0,0,0,0,0,0,0,0,0,0,0,0,0,0,0,0,0,0,0,0,0,0,0,0,44164
"USP4","ENSG00000114316",49277144,49340712,"chr3",0,0,0,0,0,0,0,0,0,0,0,0,0,0,0,0,0,0,0,0,0,0,0,0,63568
"USP6","ENSG00000129204",5116032,5175034,"chr17",0,0,0,0,0,0,0,0,0,0,0,0,0,0,0,0,0,0,0,0,0,0,0,0,59002
"VAV1","ENSG00000141968",6772708,6857366,"chr19",0,0,0,0,0,0,0,0,0,0,0,0,0,0,0,0,0,0,0,0,0,0,0,0,84658
"VAV2","ENSG00000160293",133761894,133992604,"chr9",0,0,0,0,0,0,0,0,0,0,0,0,0,0,0,0,0,0,0,0,0,0,0,0,230710
"VAV3","ENSG00000134215",107571161,107965180,"chr1",0,0,0,0,0,0,0,0,0,0,0,0,0,0,0,0,0,0,0,0,0,0,0,0,394019
"VIM","ENSG00000026025",17228241,17237593,"chr10",0,0,0,0,0,0,0,0,0,0,0,0,0,0,0,0,0,0,0,0,0,0,0,0,9352
"WAPL","ENSG00000062650",86435256,86521792,"chr10",0,0,0,0,0,0,0,0,0,0,0,0,0,0,0,0,0,0,0,0,0,0,0,0,86536
"WNT1","ENSG00000125084",48978322,48982620,"chr12",0,0,0,0,0,0,0,0,0,0,0,0,0,0,0,0,0,0,0,0,0,0,0,0,4298
"WNT10A","ENSG00000135925",218880852,218899581,"chr2",0,0,0,0,0,0,0,0,0,0,0,0,0,0,0,0,0,0,0,0,0,0,0,0,18729
"WNT10B","ENSG00000169884",48965340,48971735,"chr12",0,0,0,0,0,0,0,0,0,0,0,0,0,0,0,0,0,0,0,0,0,0,0,0,6395
"WNT2","ENSG00000105989",117275451,117323152,"chr7",1,0,0,0,0,0,0,0,0,0,0,0,0,0,0,0,0,0,0,0,0,0,0,0,47701
"WNT3","ENSG00000277626",47057885,47113984,"chrCHR_HSCHR17_1_CTG5",0,0,0,0,0,0,0,0,0,0,0,0,0,0,0,0,0,0,0,0,0,0,0,0,56099
"WNT3","ENSG00000277641",46591415,46662074,"chrCHR_HSCHR17_2_CTG5",0,0,0,0,0,0,0,0,0,0,0,0,0,0,0,0,0,0,0,0,0,0,0,0,70659
"WNT3","ENSG00000108379",46762506,46833154,"chr17",0,0,0,0,0,0,0,5,0,0,0,0,0,0,0,0,0,0,0,0,0,0,0,0,70648
"WNT5A","ENSG00000114251",55465715,55490539,"chr3",0,0,0,0,0,0,0,0,0,0,0,0,0,0,0,0,0,0,0,0,0,0,0,0,24824
"WT1","ENSG00000184937",32387775,32435564,"chr11",0,0,0,0,0,0,0,0,0,0,0,0,0,0,0,0,0,0,0,0,0,0,0,0,47789
"WWTR1","ENSG00000018408",149517235,149736714,"chr3",0,0,0,0,0,0,0,1,0,0,0,0,0,0,0,0,0,0,0,0,0,0,0,0,219479
"XCL1","ENSG00000143184",168576605,168582069,"chr1",0,0,0,0,0,0,0,0,0,0,0,0,0,0,0,0,0,0,0,0,0,0,0,0,5464
"XIAP","ENSG00000101966",123859724,123913976,"chrX",0,0,0,0,0,0,0,0,0,0,0,0,0,0,0,0,0,0,0,0,0,0,0,0,54252
"YAP1","ENSG00000137693",102110447,102233424,"chr11",0,0,0,0,0,0,0,1,1,0,0,0,0,0,0,0,1,0,0,0,0,0,0,0,122977
"YBX1","ENSG00000065978",42682418,42703805,"chr1",0,0,0,0,0,0,2,0,0,0,0,0,0,0,0,0,0,0,0,0,0,0,0,0,21387
"YEATS4","ENSG00000127337",69359710,69390870,"chr12",0,0,1,0,0,0,0,0,0,0,0,0,1,0,0,0,0,0,0,0,3,0,0,0,31160
"YES1","ENSG00000176105",721588,812546,"chr18",0,0,0,0,0,0,0,0,0,0,0,0,0,0,0,0,1,0,0,0,0,0,0,0,90958
"YWHAG","ENSG00000170027",76326799,76358991,"chr7",0,0,0,0,0,0,0,0,0,0,0,0,0,0,0,0,0,0,0,0,0,0,0,0,32192
"YWHAQ","ENSG00000134308",9583967,9630997,"chr2",0,0,0,0,0,0,0,0,0,0,0,0,0,0,0,0,0,0,0,0,0,0,0,0,47030
"YWHAZ","ENSG00000164924",100916523,100953388,"chr8",0,0,0,0,0,0,0,1,0,0,0,0,0,0,0,0,0,0,0,0,0,0,0,0,36865
"YY1","ENSG00000100811",100238298,100282788,"chr14",0,0,0,0,0,0,0,0,0,0,0,0,0,0,0,0,0,0,0,0,0,0,0,0,44490
"YY1AP1","ENSG00000163374",155659443,155689000,"chr1",0,0,0,0,0,0,0,0,0,0,0,0,0,0,0,0,0,0,0,0,0,0,0,0,29557
"ZBTB16","ENSG00000109906",114059711,114256765,"chr11",0,0,0,0,0,0,1,0,0,0,0,0,0,0,0,0,0,0,0,0,0,0,0,0,197054
"ZBTB7A","ENSG00000178951",4043303,4066899,"chr19",0,0,0,0,0,0,0,0,0,0,0,0,0,0,0,0,0,0,0,0,0,0,0,0,23596
"ZEB1-AS1","ENSG00000237036",31206278,31320447,"chr10",0,0,0,0,0,0,0,0,0,0,0,0,0,0,0,0,0,0,0,0,0,0,0,0,114169
"ZFAND4","ENSG00000172671",45615500,45672780,"chr10",0,0,0,0,0,0,0,0,0,0,0,0,0,0,0,0,0,0,0,0,0,0,0,0,57280
"ZFAS1","ENSG00000177410",49278178,49299600,"chr20",0,0,0,0,0,0,0,5,0,0,0,0,0,0,0,0,0,0,0,0,0,0,0,0,21422
"ZIC2","ENSG00000043355",99981784,99986765,"chr13",0,0,0,0,0,0,1,0,0,0,0,0,0,0,0,0,0,0,0,0,0,0,0,0,4981
"ZMYM2","ENSG00000121741",19958677,20091829,"chr13",0,0,0,0,0,0,0,0,0,0,0,0,0,0,0,0,0,0,0,0,0,0,0,0,133152
"ZNF217","ENSG00000171940",53567071,53609907,"chr20",0,0,0,1,0,0,0,1,0,0,0,0,0,0,0,0,0,0,0,0,0,0,0,0,42836
"ZNF268","ENSG00000090612",133181409,133214832,"chr12",0,0,0,0,0,0,0,0,0,0,0,0,0,0,0,0,0,0,0,0,0,0,0,0,33423
"ZNF703","ENSG00000183779",37695782,37700019,"chr8",0,0,0,0,0,0,2,3,0,0,0,0,1,0,0,0,0,0,0,0,0,0,0,0,4237
"ZNHIT6","ENSG00000117174",85649417,85708433,"chr1",0,0,0,0,0,0,0,0,0,0,0,0,0,0,0,0,0,0,0,0,0,0,0,0,59016
